id,first_name,last_name,state_id,birthday,age,gender_id,accountCreatedDate
1,Lester,Fernandez,3,1984-10-27,32,1,2002-10-30
2,Susan,Joseph,24,1974-06-27,42,2,2013-06-08
3,Alan,Perez,22,1998-07-02,18,1,2012-07-16
4,Stephanie,Franklin,6,1965-11-02,51,2,2004-03-21
5,Catherine,Fisher,43,1963-09-08,53,2,2000-11-15
6,Mary,Rose,41,1983-01-12,34,2,2011-08-12
7,Sandra,Jones,30,1978-03-18,38,2,2011-10-31
8,Debra,Thompson,5,2002-05-02,14,2,2015-11-27
9,Helen,Hughes,21,1958-11-27,58,2,2002-06-24
10,Gina,Norman,33,1963-01-14,54,2,2001-03-08
11,Thomas,Holt,50,1973-07-19,43,1,2001-05-01
12,George,Edwards,12,1971-04-29,45,1,2006-07-14
13,Gene,Garner,7,1996-05-17,20,1,2015-05-29
14,Norma,Williams,49,1997-01-15,20,2,2011-12-09
15,Scott,Fisher,48,1983-01-13,34,1,2007-04-01
16,Nina,Johnson,32,1981-11-04,35,2,2007-09-20
17,Elizabeth,Williams,18,1985-03-13,31,2,2003-05-30
18,Neal,Lucas,29,2004-05-23,12,1,2014-03-27
19,Sue,Bell,21,1998-08-08,18,2,2008-06-11
20,Rosa,Kennedy,2,1957-09-06,59,2,2001-12-20
21,John,Alvarez,34,1969-06-28,47,1,2001-01-12
22,Andrew,Wilson,30,1994-03-02,22,1,2012-08-01
23,Courtney,Mendez,5,1986-09-20,30,2,2006-01-03
24,Michael,Savage,6,1955-12-06,61,1,2004-11-21
25,Michel,Norris,23,1979-04-15,37,1,2008-01-29
26,John,Walker,17,1986-09-04,30,1,2007-08-25
27,Nichole,Bates,33,1974-09-07,42,2,2000-08-31
28,Megan,Matthews,9,1979-02-13,38,2,2009-07-27
29,Susan,Hayes,27,1997-01-31,20,2,2008-04-01
30,Randy,Wright,41,1980-11-27,36,1,2009-10-30
31,Dennis,Riley,1,1958-04-03,58,1,2006-09-30
32,Delores,Sanders,6,1980-02-10,37,2,2002-05-15
33,Jeffrey,Walker,24,2000-02-06,17,1,2010-03-26
34,Colleen,Harris,8,1964-08-02,52,2,2011-02-05
35,Craig,Molina,34,1975-11-01,41,1,2002-12-27
36,Jennie,Garcia,41,1985-11-16,31,2,2000-09-30
37,Ryan,Parker,6,1996-05-25,20,1,2008-08-08
38,Timothy,Dunn,12,1995-08-29,21,1,2010-10-25
39,Yolanda,Graham,38,1982-08-16,34,2,2001-11-04
40,Katina,Fulton,17,1960-06-18,56,2,2013-10-21
41,Michelle,Franklin,23,2004-10-24,12,2,2014-01-20
42,Ryan,Combs,35,1958-06-09,58,1,2008-12-30
43,Jerome,Kelley,33,1958-12-24,58,1,2014-08-28
44,Barry,Vega,39,1962-06-04,54,1,2004-08-28
45,Angie,Williams,24,1962-10-10,54,2,2009-11-22
46,Richard,Jimenez,6,1968-06-19,48,1,2014-06-24
47,Bobbie,Powers,28,1956-11-16,60,2,2009-11-21
48,Yvonne,Rodriguez,39,1971-10-01,45,2,2000-05-11
49,Lynn,Jones,2,1977-05-19,39,1,2010-11-20
50,John,Faulkner,5,1954-02-07,63,2,2015-03-20
51,Thelma,Marquez,43,1953-05-01,63,2,2015-05-14
52,Jennifer,James,9,2003-03-06,13,2,2015-05-26
53,Kristin,Jones,4,1997-02-22,19,2,2010-01-15
54,Judith,Rodriquez,25,1975-04-06,41,2,2004-08-04
55,James,Molina,44,1971-05-25,45,1,2000-03-19
56,Joshua,Cross,32,1991-02-16,26,1,2007-10-24
57,Donna,Mills,37,1951-12-31,65,2,2004-04-22
58,Sara,Gray,47,1996-08-16,20,2,2007-12-30
59,Dawn,Johnson,39,1967-08-27,49,2,2002-02-29
60,Lesa,Harris,32,1975-10-21,41,2,2006-06-08
61,Alvaro,Frost,40,1984-02-03,33,1,2011-04-21
62,James,Murphy,15,1990-01-24,27,1,2003-05-19
63,John,Snider,25,1958-01-31,59,1,2013-05-24
64,Bethany,Michael,6,2003-09-12,13,2,2015-05-03
65,Lindsay,Bryant,22,1995-11-03,21,2,2012-01-02
66,Laura,Kennedy,18,1962-12-19,54,2,2001-01-21
67,John,Day,42,1983-01-20,34,1,2006-07-06
68,Natalie,Swanson,13,1955-03-23,61,2,2012-12-06
69,Victoria,Wilson,21,1981-05-13,35,2,2008-06-14
70,Martha,Henry,28,1968-10-07,48,2,2012-03-27
71,Annette,Tucker,16,1985-11-09,31,2,2000-02-02
72,Anna,Smith,42,1982-08-24,34,2,2015-01-28
73,Ashley,Hill,16,1976-04-15,40,2,2011-11-11
74,Christie,Reed,1,1983-12-24,33,2,2009-12-12
75,Carl,Jackson,17,2004-08-25,12,1,2014-01-05
76,Melissa,Johnson,1,1956-12-15,60,2,2005-05-04
77,Alex,Walker,24,2000-06-20,16,1,2013-08-07
78,Jeanne,Hernandez,30,1975-05-09,41,2,2008-03-05
79,Bruce,Craig,1,1984-02-26,32,1,2006-08-29
80,Lynn,Holloway,41,1970-01-05,47,2,2011-05-16
81,Alonzo,Horne,21,1970-11-01,46,1,2010-05-30
82,Kevin,Mclean,13,1958-01-17,59,1,2004-10-24
83,Anne,Mills,10,1983-12-09,33,2,2014-11-12
84,Michael,Doyle,12,1956-10-01,60,1,2000-06-03
85,Paige,Duffy,21,1951-05-29,65,2,2008-04-19
86,Antoinette,Jones,12,1954-03-15,62,2,2012-03-23
87,Pamela,Carpenter,26,1953-11-04,63,2,2006-04-11
88,Humberto,Watson,18,1950-04-03,66,1,2014-06-03
89,Jason,Green,1,1962-12-01,54,1,2000-03-13
90,Thomas,Austin,42,2004-10-02,12,1,2014-12-15
91,Paul,Hood,20,1979-08-05,37,1,2010-06-21
92,Darlene,Harper,38,1996-11-01,20,2,2012-06-10
93,Pasquale,Hernandez,27,1981-06-29,35,1,2004-07-11
94,Rene,Mays,19,2004-06-30,12,2,2015-11-22
95,Harold,Carpenter,28,1978-03-12,38,1,2012-11-05
96,Murray,Cook,5,1958-12-10,58,1,2002-10-29
97,Joyce,Bryant,22,1974-11-02,42,2,2002-07-06
98,Sarah,Greene,27,1988-07-17,28,2,2014-08-03
99,Crystal,Miller,15,1985-05-31,31,2,2014-08-21
100,Manuel,Cabrera,41,2003-08-21,13,1,2013-12-19
101,Carla,Williams,42,1978-12-18,38,2,2006-03-12
102,Kaitlin,Williams,23,1970-02-20,47,2,2000-07-21
103,Donald,Jones,30,1953-12-29,63,1,2009-04-17
104,Linda,Pollard,3,1999-02-26,17,2,2011-06-06
105,Raymond,Carlson,42,1993-10-28,23,1,2004-10-04
106,Timothy,Booker,30,1996-02-18,21,1,2009-08-25
107,Charlene,Fleming,30,1994-01-17,23,2,2013-05-21
108,Hope,Robertson,12,1956-08-21,60,2,2002-03-16
109,Carrie,Johnson,5,1973-06-05,43,2,2015-02-23
110,Shawn,Wallace,28,1964-07-10,52,1,2001-11-20
111,Thomas,Parrish,14,1977-08-04,39,1,2005-07-31
112,Mildred,Smith,14,1991-04-29,25,2,2014-11-16
113,Floyd,Dixon,44,1999-09-30,17,1,2010-03-04
114,Helen,Alexander,24,1998-07-12,18,2,2008-12-12
115,Ralph,Perez,8,2002-04-30,14,1,2013-07-02
116,Michael,Nelson,31,2000-05-07,16,1,2015-09-24
117,John,Richards,18,1990-05-27,26,1,2003-12-21
118,Stella,Kirby,19,1978-01-08,39,2,2014-08-04
119,Rosa,Hall,44,1997-10-05,19,2,2009-10-07
120,Mary,Whitfield,8,1950-07-25,66,2,2009-04-04
121,Kimberly,Russo,4,1952-04-04,64,2,2014-01-27
122,Sharon,Smith,29,1958-11-05,58,2,2009-03-18
123,Joseph,Mason,6,1962-02-03,55,1,2001-01-30
124,Natalie,Bishop,19,1985-05-12,31,2,2003-11-03
125,Darrell,Palmer,22,1965-06-30,51,1,2000-07-31
126,Roy,Moore,11,1994-09-15,22,1,2007-05-26
127,Lizzie,West,26,1972-11-05,44,2,2001-03-22
128,Fannie,Little,24,1986-04-12,30,2,2005-05-30
129,William,Mills,45,1979-02-11,38,1,2000-12-28
130,Daniel,Johnson,50,1979-04-12,37,1,2001-06-07
131,Stephen,Mcbride,13,1966-10-26,50,1,2011-11-08
132,William,Glenn,6,1980-06-26,36,1,2015-05-11
133,William,Sanford,11,1973-03-26,43,1,2004-01-04
134,Alan,Peterson,20,1965-05-25,51,1,2015-02-23
135,David,Rodriguez,16,1971-02-04,46,1,2001-11-17
136,Tiffany,Greene,27,1986-05-20,30,2,2010-08-16
137,David,Williams,1,1953-11-30,63,1,2012-01-23
138,Matthew,Brooks,5,1971-02-12,46,1,2000-10-23
139,Tim,Henderson,48,1991-08-21,25,1,2005-10-26
140,Justin,Alexander,40,1950-04-15,66,1,2015-07-19
141,Eugene,Santos,10,1995-10-15,21,1,2015-03-19
142,Janet,Williams,14,1978-08-30,38,2,2001-10-09
143,Sharlene,Fernandez,20,1966-10-03,50,2,2012-08-13
144,Allen,Austin,33,1951-09-24,65,1,2004-06-16
145,Sharlene,Fowler,40,1977-07-31,39,2,2014-08-15
146,Sarah,Owens,47,1995-12-31,21,2,2007-01-12
147,Edward,Brown,42,1987-02-03,30,1,2014-06-17
148,Alexis,Horton,49,2002-01-02,15,1,2015-01-25
149,Richard,Bishop,11,1988-07-14,28,1,2014-11-01
150,Marguerite,Cherry,30,1970-05-30,46,2,2000-01-30
151,Mary,Gardner,13,1962-07-27,54,2,2015-07-30
152,Willie,Edwards,37,1957-06-01,59,1,2007-02-04
153,Shanna,Davis,34,1962-08-03,54,2,2011-08-10
154,Lindsey,Perez,36,1993-06-13,23,2,2013-09-08
155,Steven,Baker,30,1964-10-26,52,1,2007-02-21
156,Jennifer,Butler,2,1983-03-31,33,2,2006-09-13
157,Thomas,Fulton,45,2001-02-01,16,1,2012-11-06
158,Gary,Gross,36,1984-11-29,32,1,2007-10-23
159,Teri,Phelps,4,1999-01-13,18,2,2014-09-01
160,Jill,Barron,43,1990-09-15,26,2,2004-08-10
161,Nick,Patterson,32,1977-10-27,39,1,2009-10-18
162,Billie,Peterson,10,1972-08-07,44,1,2002-07-07
163,Louise,Green,32,1988-05-20,28,2,2006-08-26
164,Margaret,Miller,21,1994-04-16,22,2,2015-08-18
165,Sarah,Thomas,26,1964-05-18,52,2,2004-03-20
166,Sue,Weaver,46,1981-11-25,35,2,2000-09-22
167,Barbara,Cabrera,21,1994-02-16,23,2,2014-05-15
168,Dorothy,Cooper,15,2003-01-30,14,2,2013-02-12
169,Robert,Long,28,1992-09-13,24,1,2014-12-12
170,Dianne,Soto,41,1955-05-13,61,2,2011-08-22
171,Mary,Thomas,33,1986-08-28,30,2,2015-06-27
172,Clinton,Bennett,41,1987-08-27,29,1,2013-12-19
173,Jesse,Meyers,3,1958-09-22,58,1,2000-05-13
174,Natalie,Williams,49,1956-03-21,60,2,2013-04-12
175,Shirley,Henry,4,2002-07-23,14,2,2015-11-11
176,Miriam,Miller,15,1951-09-27,65,2,2003-10-23
177,Pat,Haley,3,1986-08-23,30,1,2006-07-18
178,Peter,Christensen,49,2003-07-05,13,1,2014-02-24
179,Eunice,Parker,11,2003-06-20,13,2,2013-10-24
180,Bradley,Ross,17,1988-02-17,29,1,2002-06-14
181,Phillip,Payne,4,1998-05-17,18,1,2009-03-13
182,Ramona,Snyder,42,1990-08-01,26,2,2014-09-30
183,John,Flores,38,1954-06-04,62,1,2009-02-03
184,Maria,Davis,30,1998-10-25,18,2,2012-09-20
185,Amparo,Dodson,18,1961-11-07,55,2,2000-12-31
186,Walter,Kennedy,18,1994-12-18,22,1,2010-02-13
187,Edward,Nichols,25,1991-07-17,25,1,2010-12-10
188,Dorothy,Wright,20,1984-06-19,32,2,2008-04-15
189,Deborah,Mitchell,8,1981-01-08,36,2,2002-07-13
190,Linda,Kirkland,47,1995-08-27,21,2,2011-02-23
191,John,Reynolds,28,1996-08-27,20,1,2014-10-21
192,Carlos,Hughes,21,1958-06-22,58,1,2008-09-23
193,Barbara,Rivera,12,1983-09-12,33,2,2013-05-21
194,David,Young,47,1959-03-20,57,1,2011-07-23
195,James,Garcia,49,1999-02-16,18,1,2012-07-18
196,Gertrude,Carter,10,1995-11-13,21,2,2007-11-12
197,Mayra,Alvarado,3,1978-07-26,38,2,2008-09-23
198,Teri,Nelson,2,1973-07-22,43,2,2000-10-14
199,Mona,Hunt,49,1972-03-14,44,2,2005-05-31
200,Josephine,Eaton,45,1954-01-28,63,2,2011-10-16
201,Latonya,Collier,42,1952-01-31,65,2,2007-07-04
202,Darius,York,48,1960-02-18,57,1,2009-08-18
203,Ryan,Clay,18,1962-10-24,54,1,2003-12-25
204,James,Payne,6,1988-05-06,28,1,2009-02-04
205,Derrick,Lawson,48,1963-04-12,53,1,2007-07-23
206,Susan,Harrison,18,1994-05-07,22,2,2011-10-14
207,Marcia,Campbell,23,1997-04-26,19,2,2014-09-11
208,Linda,Hayes,14,1975-07-29,41,2,2001-08-06
209,Janet,Leach,14,1975-04-11,41,2,2002-01-20
210,Mike,Anderson,25,1972-09-15,44,1,2011-09-19
211,Cecilia,Daniel,30,1955-04-18,61,2,2002-04-01
212,Craig,Thompson,3,1971-03-18,45,1,2010-12-31
213,John,Potter,21,1971-03-03,45,1,2006-11-23
214,Diane,Conway,14,1955-09-13,61,2,2011-08-19
215,Gary,Bryant,40,1982-06-01,34,1,2014-11-27
216,Valerie,Navarro,18,1994-11-22,22,2,2014-02-21
217,Ellen,Fletcher,13,1986-09-04,30,2,2015-07-19
218,Aubrey,Butler,4,1981-09-29,35,1,2011-06-26
219,Shawn,Pate,16,1958-06-30,58,1,2013-01-29
220,Allison,Miller,38,1990-02-11,27,2,2000-05-11
221,Donna,Compton,29,1964-12-04,52,2,2014-07-28
222,Irene,Black,22,2004-03-10,12,2,2015-08-03
223,William,Kennedy,22,1951-09-05,65,1,2013-08-15
224,Kim,Cooke,39,1978-08-23,38,2,2001-07-29
225,Robert,Willis,37,1985-11-10,31,1,2013-07-20
226,Brittany,Alston,9,1988-04-22,28,2,2004-06-11
227,Joann,Velasquez,50,1954-08-06,62,2,2012-01-08
228,Anna,Cox,49,1990-03-16,26,2,2013-04-18
229,Franklin,Flowers,30,1983-05-29,33,1,2004-11-05
230,Jerry,Reynolds,9,1986-02-11,31,1,2001-11-02
231,Daisy,Coleman,30,1989-03-08,27,2,2005-11-12
232,Willie,Gonzalez,50,1976-10-08,40,1,2012-11-17
233,Myron,Middleton,28,1970-06-10,46,1,2000-03-21
234,Rose,Carter,45,1986-02-15,31,2,2010-08-17
235,Maureen,Carey,20,1995-10-03,21,2,2014-08-15
236,Robert,Morris,17,1962-07-26,54,1,2010-05-05
237,Eula,Jones,12,1985-03-09,31,2,2002-05-23
238,Crystal,Carter,48,1996-06-04,20,2,2014-10-09
239,Marion,West,5,1978-08-13,38,1,2011-04-24
240,Bryan,Larsen,43,1953-01-04,64,1,2012-06-07
241,Alberto,Johnson,12,1957-05-18,59,1,2005-11-18
242,Candace,Johnston,35,1962-02-20,55,2,2014-08-09
243,Bianca,Ingram,46,1953-07-09,63,2,2004-05-12
244,Laura,Brennan,26,1981-01-11,36,2,2014-11-19
245,Stephen,Walker,50,2002-01-19,15,1,2015-07-10
246,Matt,Brown,37,1975-05-10,41,1,2002-07-23
247,Scott,Preston,5,1976-12-18,40,1,2015-02-11
248,David,Jackson,23,1958-12-29,58,1,2000-11-14
249,Thomas,Nelson,21,1989-07-22,27,1,2015-02-09
250,Laurie,Dawson,44,1965-08-30,51,2,2011-10-28
251,Alice,Salazar,47,1996-02-08,21,2,2010-12-23
252,James,Guzman,33,1971-02-12,46,1,2009-06-15
253,Michael,Mason,17,1971-02-26,45,1,2004-07-16
254,Daniel,Jackson,48,1958-01-23,59,1,2002-07-04
255,Bruce,Solomon,38,2000-11-15,16,1,2015-09-12
256,Karina,Cotton,41,1957-10-09,59,2,2007-02-25
257,Doris,Clark,34,2004-01-10,13,2,2014-05-09
258,Jason,Jones,28,2004-04-13,12,1,2015-04-27
259,Cynthia,Lewis,3,1962-12-02,54,2,2014-04-27
260,Cody,Molina,13,2004-07-05,12,1,2014-02-24
261,Elmer,Butler,26,1976-03-22,40,1,2003-01-02
262,Terry,Holman,6,1974-11-26,42,2,2011-03-02
263,Andrea,Anderson,27,1963-11-20,53,2,2011-03-31
264,Sharon,Jones,49,1957-08-04,59,2,2015-06-29
265,Paula,Holt,29,1978-06-13,38,2,2015-10-30
266,Francisco,Paul,3,2003-08-04,13,1,2015-11-20
267,Donald,Armstrong,8,1989-11-19,27,1,2015-06-27
268,Daniel,Davis,13,1971-01-03,46,1,2004-05-14
269,Maria,Moore,26,1976-09-02,40,2,2011-03-26
270,April,Smith,16,1955-05-18,61,2,2010-06-11
271,David,Chavez,17,1958-09-14,58,1,2012-06-16
272,Judith,Palmer,49,1987-08-09,29,2,2003-05-23
273,David,Bush,19,1953-01-22,64,1,2010-06-24
274,Linda,Curtis,6,1960-01-27,57,2,2004-06-25
275,Jessie,Anderson,32,1974-03-01,42,2,2012-07-03
276,Duane,Pollard,33,1967-04-03,49,1,2009-08-12
277,Travis,Robinson,30,2002-06-19,14,1,2015-07-17
278,Mercedes,Smith,26,1990-12-25,26,2,2008-12-17
279,Charles,Stark,29,1975-08-27,41,1,2003-07-15
280,Grace,Dodson,48,1959-02-13,58,2,2015-10-13
281,Leo,Lopez,1,1976-05-23,40,1,2014-10-05
282,Richard,Baker,23,1998-06-09,18,1,2013-12-25
283,Megan,Stevenson,29,1965-08-20,51,2,2000-02-13
284,Ann,Hunt,3,1973-10-03,43,2,2002-09-03
285,Ted,Johnson,4,1974-08-18,42,1,2005-03-08
286,Karen,Woodard,26,1958-05-25,58,2,2014-12-02
287,Daniel,Malone,8,1992-11-04,24,1,2005-07-10
288,Iris,Bush,34,1954-05-02,62,2,2013-10-04
289,Sandra,Carpenter,22,1982-11-24,34,2,2010-04-08
290,Joshua,Solomon,3,2003-06-19,13,1,2015-09-24
291,Kory,Miller,41,1953-05-21,63,1,2010-10-01
292,Ethel,Beasley,6,1988-08-10,28,2,2004-09-09
293,Thomas,Castaneda,32,1988-04-04,28,1,2000-11-19
294,Shirley,Brooks,13,1954-08-01,62,2,2001-02-15
295,Cynthia,Miller,39,1981-06-19,35,2,2013-05-29
296,Manuel,Jacobs,4,1950-02-27,66,1,2004-05-24
297,Anna,Martin,48,1984-10-13,32,2,2015-05-29
298,Jason,Strickland,36,1951-05-22,65,1,2010-05-07
299,Francis,Yang,35,1974-02-01,43,1,2008-02-10
300,Leonard,Manning,25,1962-12-18,54,1,2015-02-07
301,Barbara,Vega,6,1958-07-16,58,2,2014-10-29
302,Deborah,Ramos,38,1980-02-01,37,2,2007-04-09
303,Jeffrey,Reyes,36,1982-12-12,34,1,2012-10-03
304,Michelle,Mayer,3,1988-07-04,28,2,2007-10-06
305,Gary,Gibson,36,1976-04-17,40,1,2000-12-08
306,Brett,Edwards,41,1955-03-04,61,1,2012-02-03
307,James,Martinez,14,1952-01-10,65,1,2012-04-27
308,Doris,Rodriguez,45,1998-11-20,18,2,2008-09-18
309,Michael,Henson,29,1985-11-26,31,1,2005-08-13
310,Gwendolyn,Roberts,50,1969-02-21,47,2,2008-09-06
311,Albert,Meyers,47,1984-09-08,32,1,2008-02-05
312,Joseph,Stevenson,30,1972-12-26,44,1,2005-02-19
313,Connie,Morrow,14,1968-07-25,48,2,2004-01-05
314,Grace,Hudson,47,2001-10-28,15,2,2015-02-28
315,Patricia,Mcknight,13,1982-04-18,34,2,2011-05-11
316,Evangelina,Herrera,24,1999-12-05,17,2,2012-05-03
317,James,Roberts,10,2004-10-22,12,1,2014-11-24
318,Paul,Scott,27,1979-04-24,37,1,2003-04-11
319,Jeanne,Larsen,9,1993-09-05,23,2,2006-08-11
320,Olin,Bradley,23,1998-09-22,18,1,2012-07-04
321,Michael,Chen,29,1979-01-29,38,1,2007-06-07
322,Richard,Chang,42,1977-11-18,39,1,2015-02-09
323,Wendy,Horne,31,1962-08-23,54,2,2014-06-02
324,Jacquelyn,Hogan,27,1988-09-20,28,2,2003-09-18
325,Thomas,Hammond,8,1985-04-20,31,1,2003-06-09
326,Victor,Anderson,8,1994-02-29,22,1,2004-12-23
327,Danny,Hill,43,1969-02-14,48,1,2011-10-16
328,Douglas,Fletcher,20,1953-09-07,63,1,2008-02-04
329,Christine,Spencer,15,1987-05-26,29,2,2002-05-01
330,Susan,Meyer,10,1979-09-26,37,2,2010-07-01
331,Dwight,King,29,1959-02-03,58,1,2001-05-15
332,Fred,Moore,21,1954-08-30,62,1,2003-04-27
333,Sharon,Adams,37,1995-09-11,21,2,2006-08-06
334,Michael,Pierce,43,1960-03-02,56,1,2010-10-14
335,Renee,Decker,49,1956-08-23,60,2,2012-03-06
336,Chris,Duran,47,1986-03-28,30,1,2008-08-30
337,Bernadette,King,4,1968-04-14,48,2,2006-11-22
338,Tim,Schroeder,3,1969-07-18,47,1,2001-11-04
339,Dean,Lucas,9,1956-01-21,61,1,2009-07-22
340,Richard,Martin,27,1968-03-30,48,1,2007-12-16
341,James,Banks,11,1973-07-06,43,1,2009-12-09
342,Andrew,Jones,9,1969-06-21,47,1,2014-04-14
343,Darlene,Blake,3,1994-04-27,22,2,2007-08-11
344,Diane,Johnson,13,1985-03-09,31,2,2001-07-30
345,Lidia,Wilson,12,1967-08-18,49,2,2004-09-25
346,Beulah,Martin,30,1961-06-05,55,2,2005-03-06
347,Ronnie,Cox,9,2003-09-04,13,1,2015-06-01
348,Marcia,Smith,30,1982-10-31,34,2,2015-06-20
349,Harry,Johnson,48,1966-11-09,50,1,2002-04-22
350,Bernice,Hester,17,1970-02-27,46,2,2012-07-03
351,Vincent,Martinez,19,1983-12-20,33,1,2003-07-20
352,Philip,Nichols,37,1973-05-31,43,1,2013-01-28
353,Lori,Vega,28,1994-02-20,23,2,2012-05-20
354,Wendy,Brooks,14,1970-03-01,46,2,2012-05-28
355,Richard,Pierce,27,1955-05-26,61,1,2013-12-10
356,Frankie,Harrison,20,1967-12-14,49,2,2010-02-10
357,Shannon,Rogers,31,1965-04-11,51,2,2005-04-18
358,Taylor,Donaldson,18,2002-04-18,14,2,2012-09-05
359,Wendy,Wright,2,1955-07-22,61,2,2003-08-30
360,Alicia,Kemp,38,1988-04-25,28,2,2008-07-30
361,Tony,Burgess,3,1984-08-07,32,1,2008-09-07
362,Mark,Brown,20,1953-08-15,63,1,2004-11-09
363,Josephine,Moore,1,2003-12-29,13,2,2014-01-30
364,Ronald,Miller,12,1972-12-29,44,1,2005-08-25
365,Della,Johnson,24,1954-06-27,62,2,2009-11-16
366,Mario,Joseph,4,2001-10-27,15,1,2012-03-31
367,Bradley,Miller,39,1957-10-11,59,1,2001-07-19
368,Reba,Scott,18,1996-08-28,20,2,2015-07-07
369,Jody,Crawford,10,1966-06-09,50,2,2012-06-02
370,Samuel,Justice,38,1971-07-20,45,1,2008-10-20
371,Terry,Benton,20,1988-03-21,28,1,2003-08-01
372,Marlene,Carpenter,1,1967-11-28,49,2,2000-04-04
373,Aaron,Lopez,23,1987-03-12,29,1,2006-09-26
374,Deborah,Harrington,30,1996-04-09,20,2,2013-11-24
375,Fred,Young,3,1950-08-21,66,1,2008-07-15
376,Myrna,Ware,25,1981-11-28,35,2,2013-05-06
377,Jean,Hogan,46,1984-01-20,33,2,2002-09-12
378,James,Moore,42,1962-07-19,54,1,2001-07-16
379,Pamela,Nelson,23,1962-08-16,54,2,2010-10-31
380,Rose,Frazier,50,1985-12-31,31,2,2008-12-10
381,Catherine,Allen,14,1958-08-16,58,2,2002-12-27
382,Shirley,Parker,39,1975-06-09,41,2,2003-02-28
383,Heather,Mcguire,10,1982-01-25,35,2,2003-12-17
384,Roberto,Johnson,23,1984-10-25,32,1,2011-09-25
385,Linda,Smith,46,1990-10-28,26,2,2005-12-19
386,Kelly,Foster,22,1969-02-15,48,1,2003-08-28
387,James,Green,4,1964-07-04,52,1,2005-08-12
388,Emily,Crawford,23,1969-02-21,47,2,2014-09-06
389,Penny,Butler,26,1973-04-15,43,2,2000-11-01
390,Wanda,Gould,19,1951-08-29,65,2,2005-02-12
391,Billy,Blake,43,1966-07-20,50,1,2007-05-19
392,Tanya,Owens,47,1973-08-15,43,2,2004-10-01
393,Brian,Moore,37,1970-02-01,47,1,2000-01-06
394,Martha,Gonzalez,18,1982-09-29,34,2,2000-10-17
395,Scott,Spencer,14,1992-12-11,24,1,2014-04-11
396,Kendra,Anderson,17,1957-09-08,59,2,2013-09-23
397,Stephanie,Mosley,46,1974-11-16,42,2,2013-09-25
398,Krystal,Clark,29,1988-11-24,28,2,2003-07-16
399,Tina,Coleman,16,1979-10-07,37,2,2015-10-31
400,Carl,Becker,17,1963-09-07,53,1,2012-11-03
401,Anita,Diaz,30,2003-01-11,14,2,2015-01-24
402,Bernard,Thompson,37,1998-04-07,18,1,2008-12-12
403,Dorothy,Woods,39,1957-06-16,59,2,2007-07-14
404,Jacob,Taylor,36,1981-12-23,35,1,2008-05-18
405,Misty,Warner,7,1963-11-02,53,2,2001-10-08
406,Joanna,Cline,28,1961-01-24,56,2,2002-09-11
407,Linda,Mullins,4,2002-06-12,14,2,2013-09-08
408,Gary,Stewart,24,1954-07-07,62,1,2003-05-24
409,Christopher,Bishop,43,1963-09-28,53,1,2008-01-08
410,Patricia,Holman,26,1959-08-12,57,2,2004-06-23
411,Charles,Brown,10,1966-01-17,51,1,2009-04-20
412,Rex,Smith,8,1995-11-11,21,1,2015-07-20
413,Taylor,Howe,24,1993-09-27,23,1,2003-09-12
414,Margaret,Bray,22,1995-01-28,22,2,2010-12-19
415,Carlos,Houston,45,1953-07-06,63,1,2002-11-02
416,John,Chang,11,1981-08-09,35,1,2006-05-05
417,Vincent,Campbell,16,1972-03-17,44,1,2010-07-03
418,Mark,Thompson,36,1996-03-12,20,1,2013-10-25
419,Bernice,Hammond,47,1977-07-26,39,2,2009-02-24
420,Jody,Allen,29,1984-06-26,32,2,2010-12-24
421,Monique,Lee,36,1958-04-12,58,2,2014-06-09
422,Jose,Hardy,48,1965-10-26,51,1,2010-05-09
423,Houston,Britt,48,1969-08-13,47,1,2009-07-01
424,Christine,Reese,8,2000-05-24,16,2,2014-02-07
425,Martha,Lynch,31,1977-05-03,39,2,2009-09-16
426,Vincent,Allen,18,1972-12-24,44,1,2007-09-15
427,William,Gaines,20,1991-01-13,26,1,2004-05-17
428,Kristie,Thompson,6,1950-11-04,66,2,2011-02-23
429,Keith,Parker,43,1986-11-02,30,1,2010-08-09
430,Jessie,Hart,7,1955-08-29,61,1,2006-11-10
431,Joshua,Smith,32,1990-11-17,26,1,2000-06-18
432,Guillermo,Rose,3,1951-03-09,65,1,2001-08-01
433,Owen,King,11,2001-11-24,15,1,2014-08-14
434,Donald,Johnson,43,1995-05-26,21,1,2008-09-30
435,Rene,Henry,31,1966-03-06,50,1,2004-09-25
436,Kelly,Williams,43,1964-06-27,52,2,2013-07-26
437,Jerome,Tucker,5,2000-10-03,16,1,2012-10-08
438,Alma,Jones,25,1993-05-02,23,2,2014-06-28
439,Mona,Sheppard,3,1960-02-23,56,2,2015-09-06
440,Daniel,Harper,44,1979-12-29,37,1,2011-01-12
441,Courtney,Woodard,38,1955-01-14,62,1,2014-05-09
442,Lena,Smith,37,1978-03-08,38,2,2001-12-14
443,Kelly,Smith,34,1958-03-10,58,2,2001-03-29
444,Christopher,Hayes,35,1994-07-12,22,1,2012-07-14
445,Matthew,Gonzalez,14,1992-05-24,24,1,2006-02-08
446,Darlene,Powell,26,1991-11-20,25,2,2012-04-14
447,Karen,Harper,26,1959-03-26,57,2,2009-01-20
448,Carmela,Gonzales,26,1986-06-14,30,2,2010-07-02
449,Kimberly,Brown,7,1992-06-18,24,2,2015-10-10
450,Larry,England,27,1971-06-26,45,1,2010-03-18
451,William,Harrison,7,1954-01-28,63,1,2013-03-23
452,Whitney,Klein,33,1962-06-21,54,2,2000-09-08
453,James,Jones,31,1962-03-20,54,1,2001-08-10
454,Pamela,Dixon,35,1976-03-05,40,2,2010-12-27
455,Linda,Underwood,36,1993-02-09,24,2,2006-04-20
456,Wendell,Mitchell,41,1988-10-13,28,1,2010-03-17
457,Kathy,Price,12,1950-06-09,66,2,2000-05-04
458,Ernesto,David,39,1993-11-02,23,1,2008-07-04
459,Emmanuel,Jordan,40,1999-12-04,17,1,2014-04-19
460,Nicole,Whitney,32,1956-09-29,60,2,2004-01-02
461,Raymond,Manning,34,1960-11-23,56,1,2011-11-04
462,Rebecca,Melton,47,1988-03-12,28,2,2007-01-28
463,Danny,Ramos,26,1965-10-18,51,1,2000-08-23
464,Marilyn,Clemons,47,2000-09-27,16,2,2012-06-20
465,Wilbur,Hanson,42,1980-09-21,36,1,2010-03-21
466,Beatriz,Vincent,28,1997-03-30,19,2,2011-06-18
467,Brenda,Holloway,13,1980-05-23,36,2,2000-04-09
468,Lee,Simon,34,1960-12-06,56,2,2006-10-07
469,William,Williams,31,1983-01-25,34,1,2004-11-30
470,William,Smith,22,1994-12-23,22,1,2005-02-14
471,Dewayne,Weaver,46,1971-04-23,45,1,2007-02-28
472,Jerry,Hoover,27,1977-06-23,39,1,2007-07-22
473,Jonathan,Lloyd,18,2001-09-13,15,1,2015-09-16
474,Laurie,Williams,16,1977-04-21,39,2,2015-09-27
475,Sarah,Ramirez,47,1959-11-04,57,2,2008-05-12
476,William,Harris,46,1992-12-25,24,1,2004-08-30
477,Lamar,Sampson,14,1976-09-22,40,1,2014-03-16
478,Edward,Aguilar,27,1972-03-29,44,1,2007-08-28
479,Judith,Lewis,29,1970-01-20,47,2,2013-12-20
480,Ana,Huff,35,1967-05-30,49,2,2007-06-05
481,Eva,Brown,11,1966-06-14,50,2,2000-02-22
482,Laurie,Aguilar,38,1952-12-22,64,2,2013-11-18
483,Paul,Mccray,10,1977-12-03,39,1,2008-09-15
484,Carl,Juarez,2,1979-02-24,37,1,2010-06-04
485,Betty,Chavez,2,1979-10-10,37,2,2008-04-05
486,Williams,Butler,34,1950-11-21,66,1,2007-05-23
487,Ruby,Ellis,44,1965-10-30,51,2,2002-03-19
488,Janice,Davis,25,1959-08-07,57,2,2010-05-26
489,Cheryl,Green,39,1950-04-17,66,2,2003-09-13
490,Omar,Dyer,46,1978-12-08,38,1,2003-12-08
491,Billy,Elliott,37,1998-09-12,18,1,2013-05-28
492,Patty,Sanford,42,1956-04-28,60,2,2012-05-14
493,Tameka,Pacheco,24,1950-03-20,66,2,2003-02-16
494,Jeffery,Foster,26,1999-12-18,17,1,2014-07-26
495,Tabitha,Mcclain,22,1996-11-25,20,2,2008-01-31
496,Jesus,Fernandez,39,1976-08-03,40,1,2006-05-16
497,Anthony,Williams,5,1987-02-29,29,1,2012-02-28
498,Christina,Haley,28,1961-01-25,56,2,2002-01-11
499,Annette,Harris,46,1978-01-21,39,2,2007-02-22
500,Edgar,Smith,50,1991-11-26,25,1,2010-06-22
501,Sabrina,Haynes,23,2000-08-09,16,2,2010-09-06
502,Richard,Maldonado,18,2004-09-18,12,1,2014-09-02
503,June,Hooper,32,1998-02-07,19,2,2013-11-10
504,Ralph,Bruce,46,1997-12-12,19,1,2015-05-03
505,Amber,Welch,31,2003-04-03,13,2,2013-06-06
506,Jeanette,Johnson,4,2000-12-31,16,2,2012-02-04
507,Judith,Ruiz,22,1970-12-15,46,2,2008-01-03
508,Estela,Hernandez,33,1972-09-21,44,2,2000-03-14
509,Jennifer,Clark,26,1980-04-14,36,2,2002-04-01
510,Jacob,Dominguez,3,1992-06-04,24,1,2006-11-29
511,Walter,Gould,22,1970-04-08,46,1,2008-02-25
512,Thomas,Hicks,25,1979-04-15,37,1,2000-02-26
513,Gabriel,Bennett,37,1955-09-02,61,1,2006-05-30
514,Aurora,Barnes,36,1969-01-17,48,2,2007-06-15
515,Kaitlin,Davis,47,1980-01-01,37,2,2014-10-15
516,William,Fowler,41,1981-07-30,35,1,2001-01-29
517,Kristina,Burks,36,1963-08-08,53,2,2003-11-12
518,Margaret,Grimes,32,1992-02-21,24,2,2002-02-12
519,Jacqueline,Fowler,38,1969-04-05,47,2,2003-12-23
520,Jeremiah,Mccoy,9,1982-07-11,34,1,2005-12-10
521,Richard,Berry,7,1959-01-07,58,1,2010-06-01
522,Gary,Petersen,26,1958-11-22,58,1,2006-08-03
523,David,Johnson,22,1969-03-05,47,1,2010-08-13
524,Kay,Thompson,1,1982-03-15,34,2,2002-06-02
525,Janice,Thompson,21,1965-10-12,51,2,2010-01-20
526,James,Walker,15,1971-08-27,45,1,2006-11-02
527,Juana,Moore,49,1967-01-20,50,2,2001-11-04
528,Joseph,Hansen,24,1999-04-22,17,1,2012-02-06
529,Ashley,Pickett,14,1952-07-09,64,2,2011-02-06
530,Clifford,Moore,43,1998-09-08,18,1,2014-04-23
531,Sylvia,Cole,2,2002-11-21,14,2,2014-09-09
532,Francis,Williams,41,1991-11-08,25,1,2012-08-23
533,Elizabeth,Wilson,28,2000-06-27,16,2,2013-02-14
534,Frances,Bryan,42,1987-01-14,30,2,2014-04-13
535,Andrew,Gross,16,1957-03-11,59,1,2007-05-11
536,Allie,Jackson,41,1986-03-17,30,2,2014-05-22
537,Dolores,Williamson,10,1975-11-10,41,2,2005-10-01
538,Nicole,Brown,3,1987-03-23,29,2,2005-09-20
539,Mary,Lewis,8,1982-03-15,34,2,2008-08-23
540,Minnie,Mills,1,1996-02-01,21,2,2007-07-31
541,Lynda,Thomas,7,1981-04-23,35,2,2014-09-01
542,Christine,Delgado,21,1959-03-17,57,2,2008-10-05
543,Eric,Murphy,19,1972-05-23,44,1,2008-02-29
544,Oscar,Shepherd,32,1965-12-28,51,1,2004-07-17
545,Walter,Smith,30,1974-12-03,42,1,2006-05-08
546,Goldie,Christensen,6,1971-05-21,45,2,2015-04-23
547,Mary,Johnson,5,1985-11-17,31,2,2005-04-07
548,Lula,Jackson,8,1984-05-17,32,2,2006-09-19
549,Michele,Allen,2,1968-06-03,48,2,2012-10-17
550,Shirley,Davis,6,1995-11-04,21,2,2006-02-27
551,Jill,Hamilton,3,1973-11-01,43,2,2014-12-17
552,Lela,Adkins,33,1965-02-27,51,2,2000-08-24
553,Jose,O'neal,33,1995-06-09,21,1,2005-06-24
554,Susan,Fry,28,1976-05-22,40,2,2008-03-16
555,Ben,Herring,46,1965-07-10,51,1,2000-05-08
556,Jean,Barnes,22,1962-03-22,54,2,2015-12-18
557,Samantha,Smith,38,1952-09-12,64,2,2009-09-06
558,Andrew,Hayes,2,1992-07-06,24,1,2007-07-26
559,John,Lopez,11,2001-05-14,15,1,2014-08-08
560,Moses,Brady,35,1958-08-16,58,1,2015-08-03
561,Kelly,Lee,12,1996-12-05,20,2,2011-01-24
562,Kenneth,Moore,1,1962-08-19,54,1,2009-06-11
563,Michael,Johnson,36,1975-06-06,41,1,2015-11-08
564,Mary,Jones,17,1988-07-10,28,2,2002-02-21
565,Jennifer,Henson,34,1957-08-14,59,2,2002-07-30
566,Diana,Hill,40,1978-11-25,38,2,2005-05-11
567,Jessica,Fisher,27,1956-09-19,60,2,2000-09-26
568,Daniel,Hudson,37,1985-03-22,31,1,2015-06-12
569,Marlene,Miller,2,1959-05-06,57,2,2010-03-18
570,Donald,Lara,6,1968-01-15,49,1,2008-08-11
571,Jane,Harris,36,1962-08-19,54,2,2004-12-18
572,Diane,Clark,1,1975-09-17,41,2,2002-03-13
573,Margaret,Rowe,36,2001-06-03,15,2,2014-07-25
574,Donna,Scott,12,1950-07-15,66,2,2014-03-31
575,Matthew,Hudson,41,1975-08-10,41,1,2005-11-22
576,John,Hall,39,1989-05-10,27,1,2012-05-20
577,Anthony,Pittman,44,1971-10-12,45,1,2007-08-09
578,Misty,Nixon,42,1973-07-30,43,2,2002-06-17
579,Mary,Garcia,22,1998-03-03,18,2,2012-09-01
580,Jennifer,Dean,38,1995-04-01,21,2,2013-02-19
581,Donald,Chaney,40,1985-12-30,31,1,2004-09-26
582,Joe,Singleton,7,1986-10-05,30,1,2004-09-29
583,Joe,Gallegos,40,2000-09-27,16,1,2013-05-23
584,Connie,Becker,20,1982-10-20,34,2,2001-10-24
585,Roberta,Hess,35,1976-06-21,40,2,2014-07-03
586,Esther,Lloyd,36,1957-02-18,60,2,2004-05-28
587,Dustin,Griffin,35,1970-05-02,46,1,2012-08-28
588,Ned,Mercado,3,2000-04-24,16,1,2012-08-22
589,Michael,Giles,6,1972-03-18,44,1,2011-04-26
590,Jim,Gonzalez,36,1964-08-15,52,1,2011-10-01
591,Jill,Walls,32,1960-06-04,56,2,2002-07-26
592,Seth,Campbell,50,1957-01-04,60,1,2002-02-05
593,Marie,Smith,21,1999-04-02,17,2,2014-09-16
594,Roosevelt,Benson,34,1980-09-08,36,1,2001-07-29
595,Bradford,Soto,15,1952-07-03,64,1,2004-07-27
596,Virginia,Martin,50,1977-12-21,39,2,2003-02-07
597,Charlotte,Barnes,27,1998-01-19,19,2,2008-05-06
598,Freda,Morales,47,2000-08-01,16,2,2012-06-07
599,Nicole,Le,45,1985-05-11,31,2,2008-07-20
600,Paul,Jones,5,1984-07-15,32,1,2009-04-06
601,Della,Moran,22,1953-08-17,63,2,2015-04-17
602,Karen,Cruz,40,1998-09-14,18,2,2011-02-21
603,Phyllis,Cotton,7,2003-02-20,14,2,2013-02-23
604,Julie,Gutierrez,38,1968-08-24,48,2,2002-09-17
605,Virginia,Cortez,21,1973-01-29,44,2,2005-12-01
606,John,Schwartz,34,1985-02-29,31,1,2012-03-10
607,Eva,Williams,28,1981-04-21,35,2,2003-07-17
608,Eugene,Dillard,29,2003-06-11,13,1,2014-04-17
609,Carole,Martin,20,1954-12-13,62,2,2014-12-06
610,Walter,Howard,45,1953-04-22,63,1,2007-02-04
611,Michael,Jones,7,1958-01-08,59,1,2003-04-21
612,Keith,Lambert,38,1950-07-11,66,1,2015-08-31
613,Ann,Weiss,23,2000-09-01,16,2,2011-01-06
614,Cody,Smith,40,1969-09-15,47,1,2007-04-07
615,Virginia,Lewis,34,1961-11-25,55,2,2010-12-16
616,Mariano,Boyle,23,1953-06-26,63,1,2007-04-06
617,Sharon,Brown,46,1992-06-04,24,2,2011-04-14
618,John,Walker,27,2004-01-02,13,1,2015-10-25
619,Elizabeth,Petty,50,1973-04-24,43,2,2005-10-18
620,Kelly,Stewart,45,1991-09-17,25,1,2008-12-24
621,David,Vazquez,46,1951-02-22,65,1,2008-12-06
622,Deborah,Barlow,34,1972-08-09,44,2,2010-12-13
623,Michael,Thomas,3,1969-05-02,47,1,2012-12-16
624,Harry,Banks,2,1964-03-22,52,1,2012-02-11
625,Nancy,Johnson,11,1957-12-17,59,2,2000-09-25
626,Dwight,Miller,11,1954-10-12,62,1,2003-11-09
627,Judith,Battle,18,1959-09-27,57,2,2014-01-25
628,Peter,White,7,1990-01-20,27,1,2015-06-15
629,Carrie,Cantu,40,2002-10-28,14,2,2013-06-13
630,Kenneth,Preston,48,1986-04-27,30,1,2007-02-28
631,Luis,York,45,1968-03-14,48,1,2001-12-14
632,Emily,Wilson,43,1965-12-15,51,2,2012-03-21
633,Tonya,Levine,5,1951-05-13,65,2,2008-08-29
634,Patrice,Warren,9,1974-08-28,42,2,2000-03-22
635,Karen,Hogan,15,1976-02-16,41,2,2010-03-28
636,Kenneth,Jones,19,1979-07-29,37,1,2002-12-23
637,Brenda,Gordon,33,1951-11-01,65,2,2000-06-05
638,Brian,Richards,14,2002-03-24,14,1,2013-07-26
639,Michael,Gould,26,1998-10-26,18,1,2011-01-10
640,Jesse,Serrano,26,1969-04-10,47,1,2003-05-30
641,Monica,Meyers,50,1955-10-30,61,2,2013-04-01
642,Bertha,Ford,4,1992-03-06,24,2,2002-10-14
643,Virginia,Osborn,12,1985-04-30,31,2,2014-01-09
644,Kelly,Martin,45,1973-11-29,43,2,2003-12-19
645,Linda,Smith,24,1998-02-12,19,2,2011-05-19
646,Gregory,Welch,29,1964-10-20,52,1,2012-05-01
647,Michael,Williams,17,1950-11-10,66,1,2002-06-07
648,Leah,Thompson,31,1967-07-29,49,2,2003-08-27
649,John,Bryant,23,1961-01-31,56,1,2010-01-03
650,James,Shelton,18,1962-11-29,54,1,2006-07-22
651,Margaret,Riley,10,1982-04-26,34,2,2007-05-21
652,Edward,Carr,13,1967-11-05,49,1,2009-06-11
653,Joseph,Boyer,49,1981-11-13,35,1,2010-11-27
654,Betty,Spencer,44,1982-07-01,34,2,2007-01-23
655,Leroy,Hardy,1,1950-06-18,66,1,2012-11-19
656,Anne,Allen,14,1999-09-25,17,2,2010-03-17
657,Patricia,Park,29,1970-07-09,46,2,2012-09-21
658,Allen,Carter,42,1976-04-09,40,1,2011-11-07
659,Joyce,Burke,48,1979-10-09,37,2,2015-09-19
660,Louis,Vargas,31,1971-07-16,45,1,2009-08-13
661,Terri,Griffith,3,1995-07-12,21,2,2010-04-15
662,Deborah,Smith,8,1978-10-23,38,2,2012-01-01
663,Brenda,Fox,4,1959-02-15,58,2,2012-11-16
664,Gail,Sanders,20,1954-05-15,62,2,2013-07-20
665,Matthew,Webb,31,1980-03-08,36,1,2013-09-19
666,Martha,Andrews,17,1982-05-10,34,2,2003-11-08
667,Cristina,Hoffman,5,1993-07-02,23,2,2008-06-15
668,Wayne,Collins,6,1963-11-22,53,1,2009-05-02
669,Sharron,Gray,45,1959-04-03,57,2,2007-04-21
670,Sarah,Davis,45,1999-11-22,17,2,2015-02-22
671,Margaret,Lawson,34,1958-10-03,58,2,2013-02-01
672,Angela,Watts,40,1960-06-03,56,2,2002-06-29
673,Suzanne,Garcia,30,1966-03-04,50,2,2012-08-12
674,Roy,Walters,15,1998-09-18,18,1,2010-05-12
675,Humberto,Rodriguez,35,1979-09-10,37,1,2005-08-09
676,Irma,Jones,30,1985-03-31,31,2,2003-12-07
677,Shirley,Wagner,43,1983-10-01,33,2,2008-04-23
678,Alva,Robinson,9,2000-05-20,16,1,2014-09-04
679,Terrell,Farley,12,1968-01-19,49,1,2005-10-15
680,Ed,Daniels,5,1963-09-11,53,1,2014-05-11
681,Loren,Young,28,1957-09-25,59,1,2014-02-29
682,Janice,Montoya,50,1951-12-22,65,2,2008-10-14
683,Tamara,Johnson,15,1996-11-14,20,2,2012-03-28
684,Joan,Jensen,22,1998-09-04,18,2,2009-01-31
685,Margaret,Davenport,39,1966-05-13,50,2,2015-11-10
686,Allen,Humphrey,27,1962-12-21,54,1,2001-05-23
687,Melissa,Owen,11,1974-08-11,42,2,2003-09-26
688,Maria,Mcgowan,27,1957-12-23,59,2,2003-09-08
689,James,Gomez,2,1977-06-23,39,1,2006-05-02
690,Deborah,Warren,38,2003-02-17,14,2,2014-09-23
691,Jack,Smith,1,1968-07-10,48,1,2013-11-06
692,Jennifer,Nelson,35,2003-10-22,13,2,2015-11-14
693,Jesus,Townsend,10,1971-03-20,45,1,2006-02-05
694,Fernando,Baker,28,2001-03-01,15,1,2012-07-19
695,Mary,Mendoza,16,1979-06-15,37,2,2006-07-10
696,Eric,Young,27,1955-03-17,61,1,2004-01-25
697,Mary,Hernandez,5,1954-08-23,62,2,2001-06-03
698,Frank,Boyd,4,1986-01-27,31,1,2003-02-06
699,Mabel,Waller,34,1972-11-04,44,2,2009-02-12
700,Michael,Goff,16,1989-12-17,27,1,2004-10-21
701,Roberto,Jones,38,1956-05-02,60,1,2013-02-07
702,Matthew,Mullins,40,1969-10-01,47,1,2007-07-22
703,Karina,Houston,10,1978-07-26,38,2,2000-12-27
704,Patricia,Mccarthy,13,1951-10-18,65,2,2004-09-19
705,Jean,Miller,36,1956-12-31,60,2,2001-08-24
706,Trevor,Page,35,1962-02-07,55,1,2005-03-01
707,Matthew,Fowler,6,1966-04-02,50,1,2007-02-22
708,Kelly,Elliott,41,1962-12-31,54,2,2013-06-25
709,Gary,Huber,16,1984-02-07,33,1,2012-08-18
710,Angela,West,27,2004-11-10,12,2,2015-09-10
711,Charlene,Hoffman,28,2003-09-29,13,2,2015-04-18
712,Andrew,Brewer,5,1976-07-05,40,1,2010-03-22
713,Max,Alexander,10,1958-04-01,58,1,2005-03-16
714,Thomas,Kennedy,6,1990-07-20,26,1,2006-05-25
715,Frankie,Fox,48,1994-07-21,22,2,2007-03-02
716,Darlene,Collins,34,1957-04-10,59,2,2007-09-22
717,Tony,Garcia,5,1989-06-14,27,1,2009-11-18
718,Kevin,Rhodes,48,1953-12-04,63,1,2011-01-19
719,Steven,Cooper,22,1958-08-22,58,1,2001-08-19
720,Tina,Justice,17,1983-03-11,33,2,2015-01-13
721,Jodi,Thompson,25,1984-01-23,33,2,2015-05-30
722,Juan,Kelly,40,1961-06-30,55,1,2008-02-11
723,David,Price,2,1958-07-07,58,1,2004-08-25
724,Dominic,Burton,20,1987-09-17,29,1,2013-12-03
725,Ricardo,Crawford,33,1997-11-26,19,1,2010-08-15
726,Mary,Williams,40,1988-03-19,28,2,2006-04-19
727,Eric,Martin,22,1954-01-25,63,1,2009-10-14
728,Polly,Hines,4,1980-10-22,36,2,2007-03-10
729,Daniel,Black,8,1958-08-01,58,1,2008-12-17
730,Brittany,Smith,18,1958-08-22,58,2,2004-08-02
731,Edmund,Juarez,49,1971-07-01,45,1,2008-09-17
732,Willie,Hardin,10,1964-02-16,53,2,2000-08-28
733,Sarah,Avila,20,1997-06-27,19,2,2010-08-31
734,April,Jones,17,1970-03-06,46,2,2013-04-09
735,James,Conway,48,1957-01-02,60,1,2002-08-22
736,Ray,Stewart,27,1998-01-13,19,1,2015-01-26
737,Valerie,Miller,9,1957-09-07,59,2,2003-08-11
738,Linda,Robertson,33,1954-05-05,62,2,2012-08-19
739,Heather,Edwards,16,1960-08-09,56,2,2004-05-17
740,George,Washington,33,1962-06-04,54,1,2010-05-21
741,Jane,Walker,10,1953-02-16,64,2,2011-08-17
742,Claudette,Morales,17,1961-04-30,55,2,2010-08-28
743,Mallory,Washington,22,1973-10-31,43,2,2007-04-22
744,Miguel,Baker,36,2002-10-27,14,1,2014-10-01
745,Margaret,Strickland,20,1991-10-27,25,2,2015-08-19
746,Lucinda,Burgess,34,1953-09-26,63,2,2000-07-07
747,Michael,Reed,26,1966-12-25,50,1,2006-05-27
748,Jennifer,Sellers,2,1983-12-13,33,2,2005-06-04
749,Diana,Hooper,12,1991-06-10,25,2,2002-03-12
750,Samuel,Anderson,32,1992-10-20,24,1,2011-11-07
751,Daniel,Crawford,20,2001-06-12,15,1,2013-05-21
752,Lester,Miller,39,1992-03-31,24,1,2010-09-03
753,Richard,Jacobs,1,1964-03-20,52,1,2011-05-27
754,Elizabeth,Parker,46,1974-04-27,42,2,2003-03-29
755,Jess,Wilkins,2,1966-04-02,50,1,2004-10-18
756,Joseph,Mann,36,1999-01-03,18,1,2010-05-24
757,Valerie,Fletcher,26,1970-11-01,46,2,2000-10-03
758,Patricia,Clemons,39,1972-09-23,44,2,2006-04-16
759,Alicia,Smith,3,1965-05-10,51,2,2005-11-11
760,Deborah,Shaw,10,1982-01-10,35,2,2015-11-05
761,Melinda,Black,8,1993-01-08,24,2,2013-05-04
762,David,Santana,29,1992-05-04,24,1,2006-02-19
763,Bonita,Carr,19,1960-10-09,56,2,2000-06-09
764,Patricia,Wade,28,1980-12-30,36,2,2002-12-26
765,Gloria,O'connor,46,1955-07-01,61,2,2014-02-20
766,Robert,Bailey,23,1961-11-29,55,1,2013-08-17
767,Stephanie,Church,46,2003-06-26,13,2,2015-03-13
768,David,Hayden,14,1999-06-12,17,1,2012-06-22
769,Flossie,Whitehead,10,1995-09-12,21,2,2007-01-21
770,Dorothy,Smith,2,1999-03-14,17,2,2012-08-05
771,Mark,Ball,40,1997-10-31,19,1,2008-03-27
772,Danny,Summers,25,1999-04-03,17,1,2011-08-18
773,Timothy,Miles,47,1966-09-02,50,1,2009-08-08
774,Joe,Riggs,48,1972-12-11,44,1,2000-05-18
775,Theresa,Brown,29,1962-09-27,54,2,2007-10-13
776,Shirley,Young,25,1977-10-30,39,2,2003-06-17
777,Crystal,Lester,15,1992-04-21,24,2,2013-02-19
778,Wanda,Jordan,23,1951-06-06,65,2,2008-12-08
779,Theodore,Davis,26,1976-04-25,40,1,2009-09-30
780,Helen,Snider,9,2001-01-04,16,2,2015-04-19
781,Jeff,Morgan,49,1995-03-18,21,1,2006-03-06
782,Joan,Bennett,28,1987-12-12,29,2,2006-01-21
783,Elizabeth,Trujillo,10,1983-05-02,33,2,2012-01-04
784,Wilfred,Roach,32,1993-04-09,23,1,2014-11-08
785,Billie,Smith,50,2001-05-25,15,2,2015-06-08
786,Theresa,Gill,23,1998-09-25,18,2,2013-03-31
787,Kellie,Sawyer,37,1973-06-07,43,2,2003-07-02
788,Ruth,Cobb,26,1975-06-09,41,2,2015-07-11
789,Lisa,Griffin,12,2003-02-02,14,2,2013-08-12
790,Elizabeth,Mayo,8,1986-06-05,30,2,2001-08-23
791,Frank,Buck,36,1982-06-03,34,1,2006-11-07
792,Ronald,Walker,23,1984-01-09,33,1,2015-08-10
793,Savannah,Williams,16,1998-12-21,18,2,2015-03-23
794,Pamela,Perez,46,1995-09-24,21,2,2015-02-08
795,Brandon,Adams,44,1961-10-10,55,1,2008-06-17
796,Diane,Vega,31,2000-03-15,16,2,2012-09-18
797,Matthew,Conrad,19,1995-03-19,21,1,2007-08-06
798,Nancy,Davidson,47,1982-05-20,34,2,2000-12-31
799,Roxanne,Willis,16,1960-04-17,56,2,2011-12-28
800,Shane,Ramirez,17,1969-03-22,47,1,2007-12-31
801,Fred,Holloway,26,1965-05-17,51,1,2010-09-30
802,Peggy,Alvarez,11,1968-11-23,48,2,2001-03-16
803,Jim,Henry,31,1954-05-20,62,1,2007-11-08
804,Carl,Wolf,23,1993-07-07,23,1,2005-09-07
805,James,Baird,33,1963-04-07,53,1,2014-09-03
806,Justin,Allen,3,1962-10-01,54,1,2010-02-23
807,Megan,O'neill,33,1957-09-26,59,2,2007-10-29
808,Ken,Keller,28,1994-02-16,23,1,2012-08-15
809,John,Craig,46,1959-02-11,58,1,2015-11-13
810,Chadwick,Vasquez,2,1959-09-16,57,1,2004-08-10
811,Juanita,Mayer,5,1998-12-31,18,2,2014-11-26
812,Florence,Rich,33,1979-02-01,38,2,2009-07-05
813,Isabel,Winters,7,1982-11-20,34,2,2000-12-06
814,Susan,Sanders,46,2002-07-31,14,2,2013-09-16
815,Peggy,Trevino,39,1980-10-19,36,2,2008-11-11
816,Dorothy,Hernandez,30,1995-05-02,21,2,2012-09-08
817,Henrietta,Garrison,19,1993-07-27,23,2,2009-03-29
818,Justin,Boyd,14,1959-09-20,57,1,2006-10-15
819,Daniel,Jones,50,1954-11-22,62,1,2001-06-13
820,Albert,Cook,27,1993-11-03,23,1,2003-11-06
821,Mary,Payne,7,2000-05-07,16,2,2010-02-22
822,Mary,Thompson,15,1960-09-12,56,2,2014-02-15
823,Thomas,Weber,6,1993-02-03,24,1,2006-12-31
824,Carl,Lawson,41,1961-05-23,55,1,2011-10-21
825,Robert,Ingram,43,1978-04-15,38,1,2007-08-12
826,Jennifer,Collins,43,1983-07-14,33,2,2000-06-07
827,Jason,Morgan,5,1982-03-29,34,1,2007-07-24
828,Kimberly,Ray,28,1960-02-02,57,2,2004-02-09
829,John,King,40,1954-06-16,62,1,2015-02-05
830,Richard,Bailey,10,1986-06-16,30,1,2011-02-21
831,Elizabeth,Frederick,39,1963-11-27,53,2,2013-11-10
832,Johnny,Nielsen,50,1975-12-27,41,1,2010-11-28
833,Phyllis,Wagner,48,1964-12-21,52,2,2002-02-21
834,Mark,Davis,20,1986-07-29,30,1,2011-06-17
835,Jeffery,Cain,18,1959-10-03,57,1,2001-12-26
836,Ricky,Moore,40,1955-02-17,62,1,2003-11-25
837,Angela,Hurley,9,1979-03-25,37,2,2002-05-18
838,Penny,Lester,37,1965-11-30,51,2,2012-11-23
839,Eugene,Morgan,31,1994-03-17,22,1,2004-04-18
840,Kevin,Garcia,26,1983-11-18,33,1,2013-02-08
841,William,Hudson,33,1962-11-17,54,1,2010-09-11
842,Derrick,Hill,11,1974-07-23,42,1,2013-11-14
843,Melissa,Smith,7,1977-07-20,39,2,2000-08-24
844,Michael,Young,2,1952-11-17,64,1,2003-07-19
845,James,Weber,16,1970-10-22,46,1,2000-08-31
846,John,Smith,35,1982-06-22,34,1,2015-09-24
847,Diane,Smith,32,1957-12-18,59,2,2001-07-13
848,Kevin,Hinton,35,1979-07-10,37,1,2002-01-09
849,Wilfred,Brooks,29,1990-12-07,26,1,2013-03-31
850,Robert,Hodges,13,1960-08-13,56,1,2008-08-01
851,Theodore,Austin,26,1984-09-07,32,1,2012-07-21
852,Virginia,Dickson,13,2004-01-05,13,2,2015-11-19
853,Elizabeth,Gentry,40,1988-11-22,28,2,2012-05-24
854,Ronnie,Wilson,17,1986-07-28,30,1,2001-12-26
855,Patti,Edwards,47,1986-10-04,30,2,2008-07-19
856,Eileen,Allen,4,1954-06-03,62,2,2011-01-30
857,Glenn,Carter,27,1972-07-11,44,1,2009-06-12
858,Graciela,Robbins,46,1995-04-04,21,2,2008-09-10
859,Walter,Kelley,3,1962-03-23,54,1,2014-02-24
860,Nellie,Simpson,40,1952-02-16,65,2,2007-05-05
861,Louis,Nelson,30,1965-10-12,51,1,2005-05-04
862,Brenda,Marshall,12,1984-10-06,32,2,2013-11-14
863,Thomas,Chambers,31,1999-05-09,17,1,2010-11-06
864,Ronald,King,37,1953-03-05,63,1,2005-03-12
865,Sonia,Thomas,8,1966-03-13,50,2,2007-07-11
866,Therese,Simmons,12,1998-08-27,18,2,2009-11-01
867,George,Cantrell,30,1965-09-02,51,1,2012-04-04
868,William,Livingston,39,1987-02-10,30,1,2008-07-20
869,Marguerite,Gomez,4,1956-05-04,60,2,2001-06-24
870,Elaine,Hall,31,1972-06-02,44,2,2002-06-30
871,Justin,Hatfield,38,1960-11-02,56,1,2009-05-17
872,Andrea,Knight,24,2002-08-21,14,2,2014-06-21
873,Fredrick,Stanton,39,1964-08-05,52,1,2011-11-22
874,Carmen,Davis,1,1964-03-08,52,2,2006-10-31
875,Richard,Hanson,7,2000-03-13,16,1,2011-10-11
876,Jerry,Smith,42,1986-10-01,30,1,2013-05-27
877,Steven,Cash,40,1969-05-28,47,1,2014-09-23
878,Ronald,Hughes,4,1956-03-20,60,1,2004-04-27
879,Nancy,Hawkins,6,1951-04-17,65,2,2010-05-24
880,Anthony,Dickerson,22,1963-10-19,53,1,2014-02-12
881,Joseph,Hughes,45,2004-09-24,12,1,2014-12-10
882,Katie,Davis,47,1979-09-18,37,2,2014-01-05
883,Mary,Ball,40,1994-04-03,22,2,2005-10-26
884,Colin,Patterson,37,1973-07-28,43,1,2003-01-05
885,Maria,Wallace,45,2004-05-26,12,2,2014-08-22
886,Tracy,Bridges,43,1970-12-20,46,2,2004-01-21
887,Alvin,Ross,24,1963-05-05,53,1,2006-01-27
888,Shirley,Hayes,16,2003-04-27,13,2,2013-09-04
889,Lisa,Long,49,1965-02-04,52,2,2006-04-16
890,Marvin,Howard,36,1951-12-23,65,1,2009-06-01
891,Daryl,Morales,38,1988-04-02,28,1,2006-08-05
892,Irma,Rowland,46,1969-02-22,47,2,2002-05-29
893,Ted,Graham,49,1977-01-08,40,1,2002-12-17
894,Anthony,Jenkins,44,1995-04-14,21,1,2014-12-05
895,Heidi,Wall,30,1962-04-28,54,2,2006-03-28
896,Ana,Wagner,13,1967-10-14,49,2,2001-09-20
897,Sherri,Gibson,25,1964-10-07,52,2,2005-12-02
898,Ruben,Harris,44,1951-05-14,65,1,2011-04-13
899,Elaine,Hernandez,19,1959-05-25,57,2,2010-03-14
900,Mark,Wilson,39,1990-07-07,26,1,2000-03-07
901,Brenda,Wilson,5,1989-03-06,27,2,2013-10-25
902,John,Dorsey,41,1984-04-25,32,1,2015-04-17
903,Danielle,Thomas,10,1993-04-24,23,2,2008-03-05
904,Julie,Ortiz,7,1976-10-21,40,2,2013-06-30
905,Caroline,Dyer,11,1982-01-28,35,2,2005-05-09
906,Jean,Johnson,43,1993-10-07,23,2,2014-11-10
907,Thomas,Clark,44,1969-05-22,47,1,2013-07-11
908,Kurt,Garcia,4,1985-04-27,31,1,2013-07-13
909,Brandon,Giles,36,1968-08-29,48,1,2007-01-26
910,Edward,Farmer,28,1977-02-27,39,1,2015-06-14
911,Leon,Wilkins,21,1977-06-28,39,1,2012-09-08
912,Emily,Pittman,21,1985-09-02,31,2,2004-08-09
913,Patrice,Thomas,8,1978-01-20,39,2,2012-05-28
914,Aaron,Wood,43,1950-08-06,66,1,2008-01-10
915,Christopher,Underwood,19,1968-05-03,48,1,2004-03-19
916,David,Barrett,4,1974-06-23,42,1,2002-08-07
917,Jeffrey,Hood,7,1985-07-31,31,1,2001-10-23
918,Elizabeth,Mason,10,1953-11-02,63,2,2001-08-17
919,Rene,Williams,42,2000-09-28,16,1,2012-01-06
920,Debra,Kemp,5,1966-02-05,51,2,2004-02-26
921,Emilia,Robinson,10,2001-04-21,15,2,2012-06-28
922,Manuel,Kim,23,1988-10-05,28,1,2010-04-14
923,Linda,Holcomb,13,1968-10-20,48,2,2009-12-15
924,Juanita,Herring,26,1969-12-29,47,2,2015-03-04
925,Flossie,Mejia,44,1961-07-13,55,2,2007-06-03
926,Kristy,Cooper,9,1989-01-25,28,2,2012-04-15
927,Christian,Mckinney,39,1962-08-17,54,1,2010-12-22
928,Wendi,Garcia,20,1982-09-25,34,2,2002-07-07
929,Ramiro,Cole,24,1957-08-13,59,1,2000-05-02
930,William,Goodman,40,1988-12-09,28,1,2003-12-21
931,Esther,Salazar,48,1998-07-14,18,2,2015-11-03
932,Lewis,Curtis,36,1985-08-30,31,1,2007-04-20
933,Irene,Adams,43,1975-09-16,41,2,2012-11-21
934,Richard,Lamb,46,2001-04-20,15,1,2013-06-29
935,Wanda,Thompson,28,1971-07-16,45,2,2012-08-07
936,Craig,Burton,22,1985-05-20,31,1,2012-12-30
937,Matthew,Stevens,31,1982-09-08,34,1,2009-07-10
938,Barry,Hess,50,1994-12-15,22,1,2005-04-09
939,Eugene,Nichols,36,2003-04-20,13,1,2014-10-04
940,Don,Ballard,47,1951-12-22,65,1,2004-07-31
941,Patricia,Jones,30,1979-02-22,37,2,2013-02-07
942,Elizabeth,Kelly,33,1995-09-22,21,2,2009-08-12
943,Brian,Patterson,11,1962-01-06,55,1,2014-11-19
944,Hung,Estes,50,1979-05-10,37,1,2003-11-11
945,Karen,Pope,30,1993-06-30,23,2,2010-06-01
946,Mary,Poole,14,1969-07-20,47,2,2003-05-07
947,Susan,Lewis,5,1978-04-04,38,2,2003-06-25
948,Kendra,Hodges,25,1990-10-20,26,2,2000-12-08
949,Dorothy,Henry,37,1997-08-15,19,2,2011-05-30
950,Lauri,Perkins,31,1972-05-27,44,2,2013-07-19
951,Betty,Harrison,10,1975-03-07,41,2,2010-02-05
952,Nancy,Jones,7,1964-05-07,52,2,2002-09-22
953,Jesus,Collins,5,1978-10-29,38,1,2002-08-18
954,Sarah,Morris,13,1950-11-25,66,2,2000-08-01
955,Blanca,Taylor,43,1957-10-03,59,2,2011-05-24
956,Gerald,Williams,33,1964-09-22,52,1,2009-05-12
957,Kent,Castaneda,6,1963-09-14,53,1,2012-05-19
958,Marjorie,Stark,15,1987-05-19,29,2,2003-10-23
959,Kimberly,Gonzalez,32,1975-06-04,41,2,2003-07-10
960,Michael,Williams,44,1980-01-05,37,1,2013-11-27
961,Carla,Grant,49,1978-02-09,39,2,2002-02-22
962,Brent,Clark,21,1971-05-23,45,1,2005-11-22
963,Vernon,Fleming,50,1956-11-29,60,1,2002-01-08
964,David,Townsend,15,1975-06-02,41,1,2014-11-14
965,Gilbert,Yates,30,1970-02-26,46,1,2014-04-13
966,Brandon,Taylor,1,1951-12-14,65,1,2009-10-18
967,Corey,Riggs,5,1979-04-05,37,1,2014-03-28
968,Kathy,Simmons,5,1951-04-04,65,2,2015-07-26
969,John,Green,32,1960-01-08,57,1,2014-05-23
970,Anna,Baldwin,8,1971-04-10,45,2,2004-07-03
971,Dorothy,Watkins,40,1971-05-11,45,2,2013-11-25
972,Linda,Roberson,19,2004-08-23,12,2,2015-08-22
973,Lawrence,Mcclain,6,1953-08-12,63,1,2008-11-02
974,Elsa,Garcia,28,1985-01-14,32,2,2000-08-03
975,Marjorie,Garcia,29,1966-10-17,50,2,2001-04-18
976,Michael,Elliott,22,1967-02-13,50,1,2002-07-22
977,Vanessa,Bowen,42,1985-05-14,31,2,2008-03-20
978,Tonya,Brown,9,2000-04-18,16,2,2014-03-01
979,Nadine,Blackwell,47,1981-04-12,35,2,2012-12-07
980,Berta,White,19,1951-10-07,65,2,2013-09-16
981,Sharon,Garcia,28,2000-09-22,16,2,2015-08-08
982,Marie,Kennedy,12,1985-01-25,32,2,2015-02-18
983,Michele,Porter,32,2004-06-22,12,2,2014-06-04
984,Lee,Gonzalez,46,1965-09-29,51,1,2009-04-22
985,Earnest,Martinez,23,1956-12-20,60,1,2010-02-03
986,Levi,Adkins,5,1975-11-25,41,1,2005-07-02
987,Mary,Ford,34,1983-12-05,33,2,2004-01-11
988,Mark,Snyder,12,1993-08-08,23,1,2015-12-28
989,David,Richardson,33,1992-11-25,24,1,2011-08-29
990,Joseph,Hill,8,1964-03-22,52,1,2001-12-16
991,Cathy,Glass,37,1954-10-20,62,2,2015-05-29
992,Erika,Foster,32,1978-10-03,38,2,2008-12-12
993,June,Cohen,12,1959-12-06,57,2,2011-07-02
994,Christina,Ellis,28,1977-02-08,40,2,2009-09-19
995,Maricela,Henderson,43,1956-12-11,60,2,2013-10-17
996,Isabella,Ramirez,15,1988-09-06,28,2,2002-11-13
997,Nicole,Gonzales,23,1994-02-13,23,2,2008-01-21
998,Helen,Barnett,3,1987-02-08,30,2,2008-02-07
999,Thomas,Kelley,36,1982-10-19,34,1,2009-12-21
1000,Jeff,Richardson,39,1962-04-15,54,1,2004-07-27
