id,first_name,last_name,state_id,birthday,age,gender_id,acct_created_date
1,Robert,Harris,45,1978-05-11,38,1,2005-09-30
2,Marva,James,29,1960-05-29,56,2,2005-01-18
3,Alton,Gibbs,27,1962-02-20,55,1,2013-10-18
4,Michael,Rodriquez,36,2003-12-18,13,1,2013-02-15
5,Tiffany,Berg,9,1983-05-25,33,2,2013-05-08
6,Jose,Johnston,39,1973-10-21,43,1,2002-09-13
7,Cindy,Brown,38,1963-04-18,53,2,2003-09-27
8,Daniel,Owens,30,2000-10-23,16,1,2013-01-26
9,Janet,Lopez,23,1997-01-05,20,2,2015-08-23
10,Kyle,Burgess,38,1994-08-03,22,1,2004-08-31
11,John,Roberts,49,1980-03-25,36,1,2001-12-19
12,Kevin,Hart,30,1979-08-23,37,1,2009-01-07
13,Kelly,Smith,32,1973-03-27,43,2,2002-10-23
14,Robert,Williams,45,1979-01-11,38,1,2001-10-27
15,Susan,Williams,33,1972-06-13,44,2,2008-12-26
16,Chester,Neal,28,1983-01-15,34,1,2007-08-05
17,Robert,Poole,36,1997-09-22,19,1,2007-07-27
18,William,Reed,38,1975-10-02,41,1,2015-09-01
19,Marilyn,Johnson,18,1994-07-11,22,2,2010-11-04
20,Eleanor,Frazier,40,2003-07-19,13,2,2014-11-18
21,Marianne,Diaz,6,1986-03-10,30,2,2003-02-06
22,Victoria,Brooks,30,1987-10-30,29,2,2007-04-27
23,Bradley,Hernandez,5,1955-06-30,61,1,2007-01-31
24,Donald,Mcconnell,18,1964-02-10,53,1,2006-06-16
25,Lonnie,Estrada,35,1977-12-30,39,1,2003-06-11
26,James,Smith,9,1980-06-09,36,1,2010-08-05
27,James,Cobb,36,1993-03-13,23,1,2006-12-09
28,Joe,Barnett,50,1971-01-18,46,1,2008-04-13
29,Emily,Mitchell,39,1976-12-03,40,2,2010-12-11
30,Shirley,Smith,33,1997-08-10,19,2,2007-11-08
31,Timothy,Houston,12,1979-02-20,38,1,2011-12-10
32,Edward,Ramirez,19,1985-02-25,31,1,2004-12-25
33,Christopher,Wilson,14,1986-05-09,30,1,2007-03-30
34,David,Jones,36,1986-07-20,30,1,2000-01-01
35,Patricia,Little,16,2000-09-03,16,2,2010-12-17
36,Robert,Miles,34,1991-05-06,25,1,2008-07-09
37,David,Bonner,42,1958-09-23,58,1,2014-01-27
38,Daniel,Merrill,19,1990-07-18,26,1,2012-10-27
39,Rosa,Walker,45,1980-07-29,36,2,2006-04-27
40,Sarah,Watkins,37,1965-08-03,51,2,2011-07-15
41,Dorothy,Carter,12,1961-09-13,55,2,2001-12-30
42,Margret,Cunningham,29,1956-01-25,61,2,2008-03-27
43,Mary,Ramirez,9,1950-09-05,66,2,2013-10-29
44,Drew,Wiley,26,1950-11-30,66,1,2000-07-14
45,Christopher,Dickson,29,1985-02-12,32,1,2009-03-29
46,Michael,Reynolds,32,1967-11-23,49,1,2012-10-24
47,Virgil,Dean,39,1991-08-26,25,1,2009-05-23
48,Beatriz,Hall,23,1983-03-27,33,2,2000-07-05
49,Ethel,Johnson,19,2004-10-13,12,2,2015-06-26
50,Clarence,Howard,13,1980-03-09,36,1,2001-10-30
51,Belinda,Blackburn,48,2001-03-07,15,2,2013-06-14
52,Lucy,Harper,21,1960-01-28,57,2,2001-12-06
53,Mary,Hudson,15,1951-06-24,65,2,2013-02-11
54,Anna,Martinez,18,1954-12-14,62,2,2003-12-21
55,John,Kelley,29,1976-03-21,40,1,2004-06-06
56,Mildred,Thompson,18,1970-07-20,46,2,2000-02-27
57,Thomas,Williams,8,1963-04-09,53,1,2009-11-27
58,Peter,Glover,12,2003-05-17,13,1,2013-09-17
59,Judy,Watts,5,1956-01-04,61,2,2012-06-21
60,Angela,Hunter,48,1994-09-20,22,2,2012-06-07
61,Stephen,Brooks,50,1991-01-20,26,1,2010-05-17
62,George,Young,44,1990-11-11,26,1,2012-06-02
63,Patti,White,7,2000-10-14,16,2,2013-04-02
64,Mary,Williams,11,1953-04-02,63,2,2004-04-13
65,Jose,Sawyer,31,1979-07-10,37,1,2006-12-04
66,Marva,Dunn,29,1973-02-26,43,2,2012-07-02
67,Jason,Dickerson,42,1983-09-14,33,1,2005-11-02
68,Clinton,Jensen,18,1983-09-26,33,1,2008-04-15
69,Arnold,Brown,36,1989-07-29,27,1,2009-01-29
70,Krystal,Gibson,31,1958-10-26,58,2,2014-06-14
71,Stephanie,Myers,32,1983-07-14,33,2,2003-08-24
72,Michael,Bowen,2,1995-01-27,22,1,2005-10-17
73,Allison,Edwards,15,1966-11-21,50,2,2001-03-05
74,Muriel,Harrell,48,1973-02-28,43,2,2009-01-16
75,Mary,Davis,29,1961-04-21,55,2,2005-08-10
76,Herbert,Mills,7,1999-09-20,17,1,2012-09-08
77,Stephen,Meadows,29,1967-03-22,49,1,2003-07-11
78,Rodney,Johnson,13,1996-08-20,20,1,2011-12-01
79,Julia,Jones,28,2003-01-29,14,2,2013-04-10
80,Carmen,May,45,1997-09-24,19,2,2011-09-14
81,Mary,Campbell,6,1997-01-29,20,2,2007-09-05
82,Kirk,Cooke,32,1968-09-07,48,1,2009-09-03
83,Kyle,Griffin,37,1957-07-10,59,1,2008-05-08
84,Anthony,Massey,6,1998-03-21,18,1,2008-01-29
85,Ronnie,Jones,50,1998-04-07,18,1,2014-09-05
86,Kimberly,Wells,16,1959-03-12,57,2,2006-07-18
87,Charlie,Mann,44,1961-05-22,55,1,2014-05-15
88,Bertha,Reynolds,4,1985-09-04,31,2,2010-07-14
89,Grace,Reynolds,46,1969-03-15,47,2,2001-12-20
90,Elizabeth,James,22,1998-09-23,18,2,2010-04-23
91,Tracey,Mcguire,13,1981-05-17,35,2,2002-09-01
92,Rebecca,Aguirre,47,1963-01-27,54,2,2013-08-21
93,Nelson,Stanton,33,1997-05-25,19,1,2007-01-09
94,Horace,Henry,29,1997-04-13,19,1,2013-07-10
95,Andrew,Douglas,2,1975-06-22,41,1,2012-09-05
96,Olga,Melendez,45,1958-10-27,58,2,2007-09-24
97,Richard,Sanchez,14,1977-12-06,39,1,2006-05-27
98,Raymond,Becker,9,1990-11-01,26,1,2015-12-25
99,Mildred,Bell,44,1961-01-30,56,2,2003-08-23
100,Marie,Lancaster,12,1955-09-27,61,2,2001-01-10
101,George,Nichols,32,1986-04-13,30,1,2009-07-14
102,Deborah,Fuller,11,1991-02-19,26,2,2008-03-18
103,Eric,Crosby,33,1985-11-01,31,1,2001-05-30
104,Dorothy,Kirkland,13,1987-10-12,29,2,2004-05-14
105,Deanna,Fuller,49,2001-03-15,15,2,2015-09-10
106,Kyle,Moore,18,1960-02-08,57,1,2011-01-22
107,Timothy,Smith,7,1952-12-14,64,1,2006-08-12
108,Harold,Garcia,14,1988-06-04,28,1,2008-11-17
109,Brenda,Shaw,20,1964-06-29,52,2,2006-02-24
110,Jim,Jackson,28,1956-01-21,61,1,2003-04-09
111,Donald,Hughes,16,1993-12-06,23,1,2009-11-25
112,Marilyn,Williams,14,1958-03-27,58,2,2012-04-11
113,Henry,Kent,33,1982-12-13,34,1,2002-03-17
114,Karen,Smith,24,1961-05-31,55,2,2005-07-25
115,Laura,Blevins,33,1979-12-10,37,2,2015-06-16
116,Joseph,Nichols,18,1991-05-13,25,1,2007-11-05
117,Justin,Sanford,41,1984-12-10,32,1,2004-11-17
118,Gerald,Hodges,38,2001-04-10,15,1,2015-03-29
119,Edward,Davis,50,1998-12-01,18,1,2015-01-01
120,Neva,Larsen,34,1960-09-09,56,2,2006-08-19
121,Darren,Woodward,34,1990-05-15,26,1,2010-07-12
122,Marion,Johnson,25,1959-07-19,57,2,2007-05-15
123,Jay,Adams,46,1953-01-03,64,1,2001-01-30
124,Jeffrey,Clayton,3,1951-04-18,65,1,2003-02-13
125,Nola,Snow,50,1983-12-31,33,2,2010-11-03
126,Harry,Becker,6,2001-07-31,15,1,2014-06-13
127,Raymond,Curry,25,1972-11-17,44,1,2002-03-01
128,Vicki,Mcmahon,20,1970-12-30,46,2,2010-03-11
129,Patricia,Kirkland,24,1978-08-13,38,2,2011-12-23
130,Rafael,Flowers,40,1974-06-05,42,1,2011-06-05
131,Christopher,Terry,28,1976-02-14,41,1,2005-05-03
132,Jeremy,Smith,15,1971-04-13,45,1,2013-02-18
133,Victoria,Mathews,18,1999-07-05,17,2,2009-05-03
134,Meredith,Montgomery,7,1988-04-26,28,2,2010-07-13
135,Dale,Mills,26,1989-04-30,27,1,2009-11-07
136,Debra,Bennett,28,1972-07-13,44,2,2011-04-20
137,Mark,Rodriguez,50,1999-06-25,17,1,2011-06-08
138,Dorothy,Gallagher,47,1957-03-13,59,2,2001-11-19
139,Annie,Harris,49,1950-12-10,66,2,2001-12-03
140,Eileen,Cantrell,12,1951-11-30,65,2,2007-09-21
141,Leslie,Stephenson,6,1991-08-26,25,2,2011-09-27
142,Robert,Shepherd,18,1991-05-29,25,1,2007-06-18
143,Johnathan,Williams,17,1990-11-15,26,1,2003-12-22
144,Catherine,Cruz,35,1974-09-11,42,2,2009-12-10
145,John,Martinez,1,1981-12-13,35,1,2001-04-18
146,Yvonne,Stevens,13,1995-02-04,22,2,2012-10-15
147,Christopher,Bryant,34,1966-09-13,50,1,2000-12-28
148,Colette,Jackson,43,1958-02-13,59,2,2004-12-21
149,Vicki,Carver,13,1951-03-27,65,2,2010-12-24
150,Susan,Wells,35,1963-07-16,53,2,2015-10-31
151,Suzanne,Fuller,35,1954-03-25,62,2,2013-09-17
152,Charlotte,Melendez,39,2002-10-29,14,2,2013-06-09
153,Elbert,Young,7,1972-10-27,44,1,2006-02-24
154,Edna,Elliott,37,1954-11-16,62,2,2012-12-31
155,John,Molina,46,1974-09-16,42,1,2015-02-05
156,Yvette,Whitfield,31,1962-03-20,54,2,2014-04-24
157,Glen,Pena,16,1976-10-19,40,1,2014-09-07
158,Florence,Hill,33,1961-11-14,55,2,2003-11-12
159,Patricia,Jones,30,1988-12-08,28,2,2008-06-18
160,Gene,Young,16,1990-05-19,26,1,2011-12-19
161,Jay,Jones,24,1986-10-08,30,1,2000-11-30
162,Cheryl,Simpson,38,1999-06-14,17,2,2015-07-21
163,Hattie,Baldwin,47,1977-12-01,39,2,2013-11-02
164,June,Brown,13,1982-11-10,34,2,2006-04-23
165,Matthew,Simon,28,1952-06-12,64,1,2007-09-21
166,Kristina,Taylor,50,1959-04-25,57,2,2009-04-20
167,Cedric,Jordan,34,1978-02-04,39,1,2008-11-25
168,Mary,Lambert,12,1957-07-29,59,2,2008-08-10
169,Richard,Harper,1,1969-04-08,47,1,2010-03-20
170,Vickie,Mitchell,49,1952-09-28,64,2,2003-03-23
171,Joy,Freeman,36,2001-09-22,15,2,2011-10-26
172,Lester,Nguyen,43,1950-04-27,66,1,2000-12-12
173,Bob,Barnes,40,1984-09-02,32,1,2013-02-08
174,Linda,Moore,13,1979-10-02,37,2,2007-10-29
175,Vernon,Townsend,15,1997-11-02,19,1,2012-09-13
176,Donald,O'connor,16,1987-06-20,29,1,2008-07-17
177,Theresa,Clay,46,1960-04-26,56,2,2010-12-26
178,Meghan,White,5,1997-01-27,20,2,2012-08-26
179,Kathleen,Arnold,24,1962-07-22,54,2,2014-07-21
180,Richard,Ellis,23,1999-07-14,17,1,2010-02-28
181,Elaine,Ortiz,33,1997-12-30,19,2,2013-09-14
182,Jennifer,Davis,23,1983-12-10,33,2,2008-10-27
183,Michael,Rivera,10,1975-03-14,41,1,2004-07-07
184,Margaret,Davis,15,1990-02-03,27,2,2000-11-08
185,John,Page,37,1950-09-06,66,1,2001-12-14
186,Anna,Jones,22,2004-01-19,13,2,2014-09-23
187,Peter,Joyce,6,1994-02-23,22,1,2015-08-18
188,Margaret,Horton,13,2004-06-26,12,2,2014-07-16
189,Eli,Johnson,1,1958-02-02,59,1,2002-10-30
190,Kyle,Castaneda,7,1985-05-09,31,1,2009-06-07
191,Michael,Stanley,33,1978-06-28,38,1,2007-02-21
192,Ronald,Lopez,18,1982-06-28,34,1,2004-09-22
193,Alicia,Bass,42,1958-11-13,58,2,2001-12-03
194,Richard,Price,15,1963-08-24,53,1,2015-09-22
195,Chris,Wolfe,20,1955-06-29,61,1,2003-03-13
196,Joe,Conrad,38,1976-10-25,40,1,2009-05-08
197,Mabel,Turner,40,1984-02-03,33,2,2015-01-21
198,Kelly,Keith,4,1995-01-13,22,2,2013-12-11
199,Richard,Henderson,21,1985-08-25,31,1,2002-07-26
200,David,King,39,1963-07-06,53,1,2014-11-06
201,Gerald,Griffith,2,1952-08-31,64,1,2010-10-29
202,Priscilla,Brown,15,1990-09-11,26,2,2010-02-06
203,Mildred,Reeves,12,1954-10-06,62,2,2008-09-11
204,Katherine,Walls,38,1962-09-13,54,2,2015-10-24
205,Marlene,Martinez,34,1959-01-20,58,2,2006-11-15
206,Pamela,Lindsey,22,1984-12-22,32,2,2005-04-08
207,Elizabeth,Hernandez,40,1999-07-06,17,2,2013-12-21
208,Cassandra,Robinson,5,1997-10-27,19,2,2007-10-05
209,Ira,May,20,1970-02-27,46,1,2003-12-24
210,Brenda,Chambers,3,2003-02-10,14,2,2014-12-06
211,Rachel,Morris,45,1960-10-28,56,2,2002-07-14
212,Martha,Powell,44,1962-03-05,54,2,2007-03-07
213,Margaret,Wallace,15,1974-08-03,42,2,2004-12-02
214,Grace,Bailey,34,1970-02-05,47,2,2006-01-17
215,Ross,Torres,39,1953-04-06,63,1,2005-02-13
216,David,Figueroa,46,1992-01-30,25,1,2006-08-06
217,William,Elliott,47,1987-03-09,29,1,2014-01-03
218,Stephen,Houston,34,1966-12-25,50,1,2006-01-12
219,Pamela,Floyd,48,1994-08-27,22,2,2012-12-27
220,Bennie,Miller,27,1985-12-29,31,1,2012-06-28
221,Kenneth,Bryant,35,1993-01-09,24,1,2015-03-10
222,Joan,Walker,40,1953-04-04,63,2,2002-12-18
223,Robert,Willis,47,1970-09-13,46,1,2011-07-08
224,Zachary,Watkins,5,1983-03-18,33,1,2001-10-28
225,Jose,Hobbs,24,1959-10-27,57,1,2001-05-07
226,Louis,Justice,5,1973-11-10,43,1,2004-10-24
227,Robert,Rodriguez,30,1996-05-18,20,1,2006-04-11
228,Ida,Sims,46,1988-04-10,28,2,2007-07-26
229,Anna,Rios,32,1984-10-30,32,2,2012-04-16
230,Desiree,Hardy,7,1984-12-12,32,2,2011-06-30
231,Eva,Mercado,31,1958-07-30,58,2,2010-09-28
232,Randall,Rogers,11,1978-02-15,39,1,2009-06-15
233,Willard,Jackson,7,1969-07-25,47,1,2000-05-07
234,Angela,White,11,1957-03-09,59,2,2005-10-28
235,Gloria,Lowe,29,1965-12-18,51,2,2007-05-02
236,Don,Rivas,4,1972-01-13,45,1,2005-01-20
237,Edgar,Pratt,20,1988-07-30,28,1,2010-11-07
238,Robert,Mccormick,40,1971-09-17,45,1,2002-05-20
239,Jennifer,Marsh,27,1991-12-23,25,2,2009-04-23
240,Grace,Hebert,24,1981-03-07,35,2,2005-06-30
241,Lori,James,28,1979-07-10,37,2,2001-02-02
242,Lillian,Cotton,17,2002-08-11,14,2,2014-02-02
243,Roy,Franklin,11,1967-05-19,49,1,2008-05-27
244,Stephanie,Hurley,44,1959-07-25,57,2,2013-05-21
245,Tony,Diaz,32,1997-07-27,19,1,2011-11-20
246,Shirley,Pruitt,18,1953-01-18,64,2,2013-06-21
247,Barry,Johnson,46,1985-09-10,31,1,2009-03-03
248,Gay,Webster,9,1954-01-26,63,2,2006-02-07
249,Marie,Barber,24,1999-11-18,17,2,2014-06-11
250,Arthur,Perez,12,1997-08-18,19,1,2012-06-09
251,William,Moreno,28,1985-11-06,31,1,2008-04-03
252,Joseph,Holmes,28,1950-06-28,66,1,2013-01-20
253,Jamie,Jensen,34,1955-06-22,61,1,2001-06-18
254,Chris,Gallegos,6,1953-09-04,63,1,2013-03-31
255,John,Sullivan,42,1978-12-26,38,1,2006-02-04
256,Juanita,Gaines,45,1968-11-13,48,2,2004-08-10
257,Linda,Berger,11,1975-08-21,41,2,2008-05-21
258,Bradley,Mullins,19,1973-12-08,43,1,2010-09-10
259,Wilfred,Larsen,31,1997-05-21,19,1,2013-06-26
260,Leonard,Burch,49,1970-02-26,46,1,2003-01-23
261,Joel,Reed,11,1994-08-01,22,1,2006-03-05
262,Frank,Thompson,44,1994-09-07,22,1,2011-10-17
263,Debra,Nunez,44,1957-10-28,59,2,2014-08-20
264,Bryon,Sutton,31,1990-01-13,27,1,2009-02-01
265,Beverly,Rodriquez,28,2003-01-05,14,2,2013-11-06
266,Nicole,James,21,1962-11-04,54,2,2011-09-29
267,Joyce,Hernandez,3,1959-07-11,57,2,2011-02-10
268,Simon,Thompson,5,1955-01-26,62,1,2014-04-29
269,Paul,West,27,1986-12-07,30,1,2004-01-13
270,Sadie,Willis,8,1971-03-17,45,2,2012-07-25
271,Myrtle,Hart,18,2004-02-06,13,2,2014-09-20
272,Frank,Smith,28,1979-03-07,37,1,2007-09-16
273,Charlie,Perez,30,1960-02-06,57,1,2008-12-12
274,Scott,Mcgee,1,1967-08-02,49,1,2003-06-19
275,James,Barnes,5,1977-05-26,39,1,2009-07-14
276,Dominic,White,32,1987-03-04,29,1,2008-07-07
277,Rachel,Gilbert,11,1989-08-10,27,2,2007-08-26
278,Neil,Turner,21,1971-07-07,45,1,2010-09-17
279,Kathleen,Simpson,26,1994-02-08,23,2,2006-12-15
280,Nellie,Morrow,18,1968-07-07,48,2,2011-11-19
281,Katherine,Smith,13,1993-10-12,23,2,2005-05-05
282,Deborah,Singleton,32,1973-03-06,43,2,2007-06-13
283,Barry,Mccarthy,50,2003-10-16,13,1,2014-06-01
284,Tammy,Dawson,44,1950-12-28,66,2,2012-11-10
285,Tina,Berry,28,1959-02-05,58,2,2004-05-24
286,Frances,Clarke,24,1955-12-27,61,2,2012-09-01
287,Michael,Hernandez,50,1982-08-28,34,1,2005-10-10
288,Emily,Smith,13,1998-11-15,18,2,2014-06-17
289,Betty,Alexander,17,1985-08-09,31,2,2015-04-09
290,Pamela,Sanchez,49,1978-11-18,38,2,2010-10-26
291,William,Larson,7,1959-05-30,57,1,2001-01-04
292,John,Gray,24,1994-03-30,22,1,2012-07-04
293,Scotty,Wright,2,1983-05-12,33,1,2004-08-01
294,Gail,Vega,13,1968-03-05,48,2,2015-12-07
295,Pauline,Lewis,49,1983-02-03,34,2,2010-12-08
296,Jose,Tillman,49,1974-04-09,42,1,2003-02-07
297,Danny,Fox,3,1973-05-28,43,1,2006-12-30
298,Ronald,Davis,25,1954-08-26,62,1,2012-09-09
299,John,Aguilar,36,1997-02-10,20,1,2014-08-14
300,Allison,Johnson,24,1961-12-06,55,2,2011-03-03
301,Bobby,Blankenship,29,1972-07-29,44,1,2000-07-26
302,Joyce,Mitchell,8,1994-10-10,22,2,2011-08-01
303,Latasha,Johnson,37,1972-12-04,44,2,2001-03-08
304,Adrian,Cooper,27,1971-02-23,45,1,2012-01-15
305,William,Montgomery,24,1972-04-17,44,1,2010-04-26
306,Zachary,Black,45,1956-01-05,61,1,2010-12-19
307,Kendra,Morgan,13,1996-09-17,20,2,2006-11-08
308,Helen,Wilkins,24,1967-06-10,49,2,2011-09-08
309,Joseph,Kramer,11,1970-12-18,46,1,2010-05-28
310,Susanna,Clark,10,1955-06-03,61,2,2013-06-14
311,Leila,Sharp,13,1999-05-17,17,2,2014-02-04
312,Lois,Thompson,19,1978-06-21,38,2,2012-09-08
313,Zachary,Green,43,1968-03-11,48,1,2012-03-28
314,Jerry,Richards,43,1972-02-26,44,1,2005-07-17
315,Sandra,Myers,2,1992-05-26,24,2,2003-01-14
316,Maria,Taylor,45,1956-09-13,60,2,2011-11-01
317,Darlene,Blair,18,1972-05-18,44,2,2014-02-18
318,Joann,Lee,24,1991-09-05,25,2,2013-01-22
319,Timothy,Manning,5,2004-01-13,13,1,2014-06-22
320,John,Wright,10,1968-02-01,49,1,2015-08-29
321,Lisa,Yates,46,2003-12-14,13,2,2015-07-02
322,Adeline,Bond,14,1963-11-11,53,2,2005-10-11
323,Janice,Davis,16,1993-02-07,24,2,2014-09-01
324,Adeline,York,21,1950-12-12,66,2,2000-09-24
325,Kathy,Smith,41,1981-04-16,35,2,2012-12-25
326,Eunice,Wilder,28,1987-11-10,29,2,2011-08-06
327,Wilbur,Keith,18,1996-07-31,20,1,2006-01-03
328,Cecil,Allen,7,1972-02-09,45,1,2005-06-05
329,Amy,Reed,9,1955-04-06,61,2,2004-08-20
330,Harold,Smith,15,1976-10-02,40,1,2009-04-06
331,Ruth,Rivera,3,1988-06-07,28,2,2013-04-06
332,Patrick,Ellis,30,1989-07-17,27,1,2011-06-10
333,Annie,Hall,34,1977-05-29,39,2,2015-05-27
334,Thomas,Cantrell,28,2002-11-03,14,1,2015-07-30
335,Robert,Kelley,23,1960-11-26,56,1,2010-07-12
336,Jerome,Campbell,15,1990-06-23,26,1,2007-05-29
337,James,Sexton,50,1964-12-04,52,1,2001-12-16
338,Nancy,Jackson,31,1957-12-19,59,2,2001-04-11
339,Michelle,Hodge,5,1999-03-19,17,2,2011-11-26
340,Mary,Nash,32,1995-01-03,22,2,2014-03-04
341,Betty,James,38,1998-11-05,18,2,2009-09-26
342,Clarence,Johnson,27,1978-10-10,38,1,2013-10-19
343,Joe,Harvey,33,1996-12-15,20,1,2012-06-15
344,Jared,Smith,40,1954-12-15,62,1,2007-03-17
345,Yvonne,Vaughan,5,1990-12-22,26,2,2008-05-17
346,Paul,Prince,35,1998-04-29,18,1,2013-03-03
347,Kenneth,Anderson,27,2001-10-28,15,1,2012-01-21
348,Amy,Stevenson,1,2002-06-22,14,2,2015-02-24
349,Denver,Anderson,19,1958-03-07,58,1,2009-06-15
350,Esther,Vasquez,32,1993-04-07,23,2,2003-05-28
351,Scott,Chan,32,1983-09-13,33,1,2007-07-05
352,June,Smith,50,1976-07-18,40,2,2004-02-18
353,Tomas,Crosby,22,1986-12-27,30,1,2008-04-16
354,Charlotte,Jackson,12,1954-09-08,62,2,2006-03-14
355,Diana,Barker,16,1983-01-18,34,2,2003-06-30
356,Laurie,Lang,46,1967-07-07,49,2,2009-03-15
357,Gwen,Young,47,1986-02-02,31,2,2010-01-16
358,Lolita,Paul,3,1971-02-28,45,2,2012-07-29
359,Stephen,Valdez,9,1958-04-06,58,1,2004-05-03
360,Mary,Stevens,5,2004-02-06,13,2,2014-11-26
361,Shirley,Campbell,16,1975-05-04,41,2,2008-03-31
362,Harold,Garcia,50,1953-05-14,63,1,2003-11-22
363,Jorge,Blair,36,1978-08-22,38,1,2012-07-25
364,Alicia,Murray,4,1964-01-05,53,2,2005-02-18
365,Daniel,Stout,16,1963-11-17,53,1,2010-04-23
366,Andrew,Turner,2,1978-11-29,38,1,2011-10-29
367,Jacqueline,Rogers,34,1984-12-12,32,2,2004-12-21
368,Hollis,Williams,3,1953-02-22,63,1,2005-07-13
369,Patricia,Larsen,8,1981-08-08,35,2,2000-12-28
370,Jewell,Horn,8,1994-08-18,22,2,2014-11-15
371,John,Short,38,1969-12-25,47,1,2004-04-03
372,Tracy,Malone,26,1986-08-31,30,2,2002-07-13
373,Paul,Atkins,14,1982-05-06,34,1,2002-12-19
374,Bessie,Reyes,34,1965-02-11,52,2,2004-05-28
375,Amanda,Hill,40,1952-06-09,64,2,2004-02-11
376,Dina,Mcmahon,29,1980-01-03,37,2,2015-06-12
377,Leslie,Powers,5,1954-06-11,62,2,2005-06-27
378,Mark,Bryant,49,1975-06-03,41,1,2001-11-29
379,Dominique,Spencer,41,1977-09-25,39,1,2002-09-25
380,Frank,Williams,34,2000-07-11,16,1,2010-11-19
381,Cesar,Wong,46,1969-08-16,47,1,2003-11-17
382,Donna,Casey,36,2003-02-22,13,2,2015-03-31
383,Jodi,Long,43,2004-12-07,12,2,2015-09-02
384,Betty,Martinez,15,1967-04-16,49,2,2008-02-27
385,William,Mathews,50,1954-09-09,62,1,2001-10-26
386,Eleanor,Dodson,17,1974-10-07,42,2,2013-09-08
387,Genevieve,Wilson,38,1994-04-30,22,2,2007-09-22
388,Carl,Maddox,32,1973-06-02,43,1,2009-04-21
389,Angela,White,35,1964-03-02,52,2,2014-01-17
390,Richard,James,36,1990-04-30,26,1,2009-12-07
391,Daniel,Johnson,17,2002-04-05,14,1,2014-01-21
392,Wilma,Rojas,36,1999-08-23,17,2,2011-01-04
393,Dennis,Anderson,26,1955-09-13,61,1,2005-07-18
394,Michael,Hicks,40,1957-08-26,59,1,2012-06-28
395,Fannie,Brown,1,1988-08-18,28,2,2015-04-05
396,Donna,Miller,24,1970-12-25,46,2,2003-07-08
397,Jay,Miranda,27,2002-10-29,14,1,2012-01-11
398,Edwin,Matthews,48,1983-05-13,33,1,2009-11-01
399,Mary,Waters,44,1961-11-06,55,2,2003-02-17
400,John,Goodwin,38,1985-07-13,31,1,2008-04-10
401,Anita,Schultz,43,1994-04-12,22,2,2004-04-03
402,Dana,Mitchell,8,1973-11-16,43,2,2013-09-02
403,Julia,Martin,12,1975-09-28,41,2,2015-05-04
404,Eva,Maldonado,47,1988-09-05,28,2,2015-03-11
405,Gary,Allen,49,1972-11-18,44,1,2012-04-27
406,Agnes,Gay,50,1987-12-24,29,2,2008-11-15
407,Sara,Stewart,35,1996-03-16,20,2,2012-06-01
408,Genevieve,Frank,17,2004-03-31,12,2,2014-12-14
409,Mark,Murphy,13,1987-01-01,30,1,2015-09-20
410,Gary,Padilla,30,2000-12-09,16,1,2014-01-23
411,Robert,Gordon,45,1980-02-02,37,1,2002-08-30
412,Willie,Alvarez,1,1984-03-03,32,2,2003-11-13
413,Eugene,Wheeler,47,1978-08-24,38,1,2008-08-01
414,David,Webb,3,1972-09-08,44,1,2013-01-09
415,Charles,Bell,10,1996-04-21,20,1,2008-06-24
416,Damon,Jackson,12,1965-01-29,52,1,2013-08-04
417,Nadine,Anderson,8,1982-08-08,34,2,2012-10-05
418,Sean,West,41,1973-08-10,43,1,2014-06-16
419,Nadine,Ford,36,1999-08-23,17,2,2011-08-19
420,Jessica,Sharpe,17,1959-08-28,57,2,2001-07-03
421,Vivian,Washington,13,1968-06-14,48,2,2012-05-06
422,Carolyn,Brock,19,1980-07-13,36,2,2012-08-14
423,Robert,Sellers,44,1991-05-14,25,1,2005-09-25
424,Ann,Reed,16,1959-02-23,57,2,2001-04-17
425,Charlene,Hayden,46,1996-10-30,20,2,2008-05-25
426,James,Hughes,33,1974-09-28,42,1,2011-08-17
427,Cherie,Lee,45,1995-07-21,21,2,2011-08-27
428,Francisco,Atkinson,32,1952-02-08,65,1,2007-10-18
429,Donna,Ayala,50,1985-11-02,31,2,2014-03-22
430,Elizabeth,Hatfield,15,1989-09-29,27,2,2012-03-04
431,Rose,Brewer,29,1953-03-31,63,2,2005-02-02
432,James,Freeman,18,1954-12-19,62,1,2006-07-19
433,Willie,Donovan,21,1955-02-17,62,2,2011-02-15
434,Wilbert,Hart,5,1997-12-12,19,1,2007-10-24
435,Hope,Wright,49,1959-11-03,57,2,2010-01-26
436,Marta,Stephenson,49,1981-01-18,36,2,2013-08-16
437,John,Wood,45,1969-04-29,47,1,2012-05-01
438,William,Henry,17,1958-03-01,58,1,2007-01-10
439,Stanley,Rhodes,46,1984-04-27,32,1,2015-01-27
440,Molly,Garcia,32,1970-12-08,46,2,2014-12-04
441,Katrina,Beard,38,1974-01-14,43,2,2013-05-18
442,Jennifer,James,49,1962-07-24,54,2,2013-11-09
443,Johnathan,Green,41,1971-04-10,45,1,2006-01-20
444,Sandra,Reynolds,18,1958-07-01,58,2,2012-09-10
445,Michael,Williams,35,1980-06-05,36,1,2000-02-14
446,Jonathan,Potts,25,1953-10-23,63,1,2001-03-15
447,William,Peters,43,1951-04-27,65,1,2014-06-04
448,Amy,Young,43,1953-12-05,63,2,2003-07-24
449,Eddie,Sanders,44,1996-09-09,20,1,2012-01-06
450,Crystal,Green,6,1989-07-01,27,2,2004-11-05
451,Janet,Suarez,32,1989-07-05,27,2,2001-01-07
452,Mary,Wilson,27,1981-02-27,35,2,2013-03-28
453,Felix,Wilson,29,1973-12-30,43,1,2004-02-18
454,Wilson,Montgomery,39,1994-06-30,22,1,2006-11-14
455,David,Parker,38,1977-02-22,39,1,2005-11-18
456,Alexander,Williams,43,1961-10-27,55,1,2010-04-01
457,Luis,Bullock,8,1980-10-22,36,1,2010-06-07
458,Tina,Merrill,24,1961-07-20,55,2,2012-06-19
459,William,Perez,6,1967-11-20,49,1,2011-03-20
460,Paul,Olson,44,1998-11-30,18,1,2012-03-01
461,Douglas,Parrish,41,2004-02-08,13,1,2014-01-27
462,Rhonda,Howell,9,1970-02-09,47,2,2015-02-04
463,Emma,Martinez,43,1967-11-06,49,2,2002-09-15
464,Lisa,Cobb,19,1971-11-28,45,2,2004-11-25
465,Oscar,Brown,4,1955-07-27,61,1,2001-08-16
466,Dana,Ballard,18,1964-10-16,52,2,2012-10-30
467,Davis,Thompson,25,1996-09-21,20,1,2014-11-12
468,Kyle,Cooper,32,1954-08-12,62,1,2015-11-29
469,Colleen,Graves,46,1976-11-26,40,2,2002-06-21
470,David,Elliott,9,1952-04-06,64,1,2002-06-01
471,Jacqueline,Bennett,7,1950-01-10,67,2,2012-06-30
472,Robert,Bell,46,1963-08-03,53,1,2001-05-11
473,Doris,Snyder,10,1970-12-28,46,2,2013-09-15
474,Heather,Dickson,43,1954-03-28,62,2,2012-08-25
475,Charles,Reynolds,36,1956-02-22,60,1,2006-01-13
476,Kelly,Garrett,19,1961-10-16,55,2,2012-04-10
477,Anthony,Thompson,14,1977-07-03,39,1,2000-09-16
478,Charles,Jones,6,1975-11-14,41,1,2009-08-27
479,Kathryn,Fry,28,1989-04-12,27,2,2004-08-12
480,Regina,Miles,2,1956-11-03,60,2,2004-04-11
481,Clarence,Wall,39,1979-12-19,37,1,2008-10-13
482,Danny,Evans,41,2003-04-29,13,1,2013-11-02
483,Francisco,Hayes,48,1962-03-21,54,1,2007-12-04
484,Sherry,Rivas,30,1997-10-13,19,2,2008-09-18
485,Terrell,Hicks,28,1995-04-03,21,1,2008-08-12
486,Rebecca,Gonzales,17,1984-03-15,32,2,2010-06-11
487,Kenton,Johnson,21,1989-07-04,27,1,2014-08-25
488,Richard,Hale,9,2004-02-27,12,1,2015-11-09
489,Ethel,Grimes,9,1957-08-16,59,2,2006-01-27
490,Sandra,Sullivan,8,1999-09-17,17,2,2013-11-06
491,Steven,Hayes,34,1950-07-06,66,1,2007-04-05
492,Lisa,Hill,24,1967-03-20,49,2,2003-01-23
493,Liz,Cox,6,1987-08-09,29,2,2013-12-12
494,Paul,Jackson,24,1954-09-25,62,1,2002-09-28
495,Shane,Wood,21,1970-03-28,46,1,2003-02-04
496,Scott,Coleman,35,1979-01-25,38,1,2011-08-04
497,Jo,Landry,47,1984-01-20,33,2,2011-07-17
498,Gabriel,Hawkins,19,1970-09-29,46,1,2003-03-06
499,Leon,Washington,28,1996-07-04,20,1,2015-04-13
500,Armando,Berry,10,1959-02-03,58,1,2001-12-16
501,Carol,Mendez,11,1960-03-30,56,2,2012-04-04
502,Timothy,Rojas,32,1967-09-22,49,1,2007-07-26
503,Patricia,Wilson,12,1995-02-17,22,2,2015-10-22
504,Wayne,Byrd,1,1990-11-08,26,1,2007-05-15
505,Lisa,Williams,21,1971-01-09,46,2,2015-10-26
506,Susan,Williams,6,1961-05-28,55,2,2002-06-30
507,Jennifer,Norton,39,1998-03-14,18,2,2013-08-30
508,Maria,Jones,50,1997-11-05,19,2,2008-05-21
509,Margaret,Tate,45,1977-09-14,39,2,2008-04-21
510,Dean,Adams,34,1955-02-27,61,1,2015-01-04
511,Anthony,Foster,36,1996-04-04,20,1,2013-08-18
512,Jeanne,Owens,20,2004-09-06,12,2,2015-07-02
513,Michael,Patrick,17,1978-05-29,38,1,2001-03-22
514,Steve,Dunlap,14,1986-05-09,30,1,2000-08-28
515,Billy,Duncan,16,1967-03-03,49,1,2013-06-02
516,Dawn,Leonard,2,1954-10-20,62,2,2000-12-06
517,Twila,Butler,34,1995-06-14,21,2,2006-10-16
518,Cecil,Guy,34,1989-01-28,28,1,2010-05-18
519,Sally,Mooney,11,1981-08-28,35,2,2012-03-09
520,Carlos,Nelson,30,1984-12-17,32,1,2013-07-30
521,Candice,Oliver,18,2003-08-14,13,2,2015-08-07
522,Marion,Jackson,31,1995-05-12,21,2,2008-04-03
523,Joann,Garcia,19,2004-07-27,12,2,2014-08-31
524,Otis,Smith,38,1969-06-19,47,1,2008-05-20
525,Bettie,Miller,14,1960-11-29,56,2,2007-11-09
526,Richard,Lynch,25,1983-12-08,33,1,2003-04-24
527,June,Wiggins,31,1968-03-24,48,2,2013-06-20
528,George,Rodriguez,43,1976-11-22,40,1,2009-04-23
529,Raymond,Farmer,48,1979-09-13,37,1,2004-06-06
530,Luther,Stewart,34,1962-09-07,54,1,2002-03-01
531,Charlene,Smith,3,2003-05-03,13,2,2014-04-02
532,Jean,Roberts,25,1964-11-27,52,2,2005-06-24
533,Justin,Gray,34,1985-06-22,31,1,2011-07-05
534,Bobbie,Wilson,48,1958-07-03,58,2,2006-12-23
535,George,Williams,31,1969-11-21,47,1,2013-09-13
536,Linda,Andrews,47,1961-06-09,55,2,2010-09-02
537,Nicole,Collins,37,1982-12-30,34,2,2012-11-10
538,Vicente,Randall,50,1977-11-23,39,1,2015-06-28
539,Matthew,Haney,17,1964-09-07,52,1,2012-09-01
540,Andrew,Smith,16,1993-12-11,23,1,2007-08-15
541,Stephanie,Bradley,24,1959-09-02,57,2,2015-07-06
542,Glenn,Scott,45,1964-02-05,53,1,2012-10-15
543,David,Le,33,1990-05-03,26,1,2012-03-16
544,Justin,Horn,17,1988-10-27,28,1,2004-11-07
545,Ann,Miller,6,1970-01-29,47,2,2010-04-30
546,Debra,Taylor,23,2004-08-21,12,2,2015-03-24
547,Mary,Anderson,49,1958-03-11,58,2,2007-03-04
548,Walter,Cline,42,1988-12-14,28,1,2014-10-19
549,James,Hughes,31,2003-02-20,14,1,2015-09-11
550,Patricia,Padilla,4,1951-12-28,65,2,2005-08-08
551,Richard,Norman,39,1982-06-24,34,1,2004-01-30
552,Daniel,Johnson,31,1989-06-06,27,1,2012-12-28
553,Casey,Rodriguez,32,1988-10-29,28,1,2010-08-30
554,Richard,Tate,1,1971-10-10,45,1,2004-01-01
555,Charley,Davis,45,2004-07-13,12,1,2015-02-07
556,Edward,Wells,41,1963-01-21,54,1,2000-10-04
557,Carlos,Ellis,3,2004-08-14,12,1,2015-08-15
558,Michael,Hill,14,1964-08-22,52,1,2014-10-02
559,Casey,Hudson,5,1956-04-05,60,1,2014-01-08
560,Elizabeth,Roth,12,1957-03-30,59,2,2003-01-25
561,Fred,Meyer,17,1951-08-08,65,1,2006-06-27
562,Joan,Miller,17,1968-10-01,48,2,2000-10-21
563,Gary,Cameron,42,1979-11-09,37,1,2000-06-18
564,Nicole,Jackson,28,1972-07-10,44,2,2014-02-15
565,Monique,Smith,3,1978-07-03,38,2,2009-02-09
566,William,Bell,6,1968-03-02,48,1,2003-08-22
567,Wiley,Mcdaniel,33,1991-08-16,25,1,2013-06-04
568,Leo,Stokes,25,1984-03-15,32,1,2013-12-04
569,Willie,Sanchez,18,1994-05-03,22,1,2015-05-12
570,Henry,Peterson,23,1993-11-04,23,1,2015-03-06
571,Christopher,Perry,34,2000-04-28,16,1,2011-05-27
572,Charles,Dixon,35,1951-12-16,65,1,2001-08-01
573,Dixie,Green,38,1972-08-03,44,2,2006-04-30
574,Charles,Riggs,20,1982-07-23,34,1,2013-10-15
575,Terry,Pratt,8,1982-09-18,34,2,2006-09-01
576,Beverly,Hutchinson,47,1971-06-12,45,2,2003-01-03
577,Monica,Garcia,4,1984-02-21,33,2,2008-10-09
578,Yvonne,Harrington,38,1984-12-03,32,2,2008-07-27
579,Billy,Rhodes,12,1998-07-20,18,1,2011-11-27
580,Karen,Ward,28,1952-10-31,64,2,2012-12-03
581,Victor,Gates,17,1955-04-17,61,1,2008-01-22
582,Ellen,Williams,12,1959-12-31,57,2,2005-10-13
583,William,Tyler,19,1994-03-17,22,1,2004-01-15
584,Ella,Martinez,2,2000-03-28,16,2,2014-08-06
585,Michael,Nguyen,49,1950-06-13,66,1,2008-04-15
586,Amanda,Perkins,22,1959-08-20,57,2,2007-01-29
587,John,Paul,36,1967-03-08,49,1,2005-03-30
588,Mary,Hanson,11,1959-03-10,57,2,2014-10-22
589,Brandon,Olsen,23,2002-04-18,14,1,2012-04-04
590,Brian,Smith,35,1953-10-04,63,1,2015-04-01
591,Delores,Evans,20,1998-08-13,18,2,2015-10-18
592,Damien,Hansen,40,1978-03-30,38,1,2007-03-19
593,Agnes,Gonzales,4,1986-12-11,30,2,2015-10-20
594,Thomas,Durham,20,1998-01-05,19,1,2014-05-17
595,Vince,Wise,11,1977-09-06,39,1,2012-10-21
596,Mary,Boyd,23,1992-10-08,24,2,2006-12-08
597,Douglas,Cook,45,1991-07-21,25,1,2002-10-29
598,George,Martin,38,1993-04-18,23,1,2013-08-24
599,Patrick,Parker,24,1970-10-07,46,1,2003-06-17
600,Curtis,Vang,40,1996-03-28,20,1,2012-08-14
601,William,Collins,47,1985-12-09,31,1,2006-04-13
602,Olga,Deleon,4,1980-11-02,36,2,2001-07-19
603,Paul,Morgan,36,1961-02-28,55,1,2008-11-27
604,Catherine,Daniels,19,1975-08-23,41,2,2005-02-18
605,Bobby,Cooper,16,1991-01-20,26,1,2004-09-20
606,James,Mclean,15,1963-05-14,53,1,2005-09-10
607,Laura,Byrd,23,1952-01-29,65,2,2014-10-27
608,Chandra,Cole,14,1967-02-10,50,2,2002-08-14
609,Barbara,Wood,23,1991-10-07,25,2,2012-09-01
610,Scotty,Cooper,18,1976-01-02,41,1,2007-02-12
611,Johnny,Wright,19,1985-04-01,31,1,2001-05-18
612,Vicky,Ross,50,1953-07-06,63,2,2011-09-17
613,Charles,Henderson,17,1993-04-19,23,1,2004-09-04
614,Andrea,Sanchez,12,1953-02-14,64,2,2002-12-28
615,Sallie,Harvey,9,1965-09-08,51,2,2001-04-03
616,Mattie,Bryant,17,1967-11-23,49,2,2003-04-14
617,David,Abbott,25,1980-04-23,36,1,2008-01-08
618,William,Mcclain,31,1987-07-25,29,1,2003-09-28
619,Deanne,Thomas,1,1985-03-29,31,2,2011-07-19
620,Steve,Smith,14,1981-11-04,35,1,2014-10-24
621,Ashley,Miller,2,1964-10-28,52,2,2010-06-01
622,Clara,Bass,16,1970-08-10,46,2,2011-06-25
623,Delores,Marshall,44,1961-05-22,55,2,2003-06-30
624,Cliff,Marshall,45,1995-10-19,21,1,2010-08-07
625,William,Perry,41,1961-03-31,55,1,2010-08-26
626,James,Keith,2,1957-12-03,59,1,2012-08-04
627,Edward,Sampson,3,1990-07-07,26,1,2009-06-05
628,Christina,Pratt,31,1987-01-04,30,2,2014-07-30
629,Edith,Taylor,46,1997-12-30,19,2,2014-02-19
630,Karen,Bowman,14,1964-02-13,53,2,2008-08-06
631,Donald,Simmons,44,1957-03-20,59,1,2002-01-06
632,Goldie,Molina,24,1954-03-05,62,2,2003-02-16
633,Ana,Beck,27,1984-01-18,33,2,2014-11-27
634,Tracey,Stokes,40,1995-09-12,21,2,2014-06-13
635,Janice,Sullivan,1,1979-02-18,38,2,2006-01-16
636,Roger,Cruz,5,1960-06-26,56,1,2009-04-08
637,Mattie,Hill,7,1957-09-16,59,2,2015-08-04
638,Shawn,Terry,49,1984-01-14,33,1,2012-11-24
639,Patricia,Watkins,8,1998-07-03,18,2,2009-12-06
640,Leslie,Fulton,34,1964-10-23,52,2,2005-03-14
641,Irene,Peterson,31,1979-09-17,37,2,2004-06-23
642,Jason,Gonzales,33,1981-10-05,35,1,2011-09-11
643,Thomas,Ward,45,1959-09-28,57,1,2008-12-07
644,Armand,Garcia,33,1994-07-31,22,1,2014-11-18
645,Erin,Doyle,1,1979-10-06,37,2,2010-10-16
646,June,Delgado,49,1957-02-03,60,2,2015-11-22
647,Letha,Mclaughlin,4,1997-07-23,19,2,2010-09-16
648,Margarita,Johnson,49,1991-12-02,25,2,2005-12-29
649,Jeanne,Thomas,2,1996-06-20,20,2,2006-03-26
650,Joseph,Matthews,1,1987-11-01,29,1,2013-01-21
651,Bradley,Williams,27,2001-03-08,15,1,2013-01-05
652,Brian,Macdonald,7,1994-07-10,22,1,2012-01-11
653,Yong,Lopez,26,1977-05-11,39,1,2015-05-02
654,Ericka,Levine,1,1981-01-11,36,2,2012-09-01
655,Amos,Jackson,47,1960-03-27,56,1,2009-04-09
656,Carlos,Bell,16,1995-07-17,21,1,2014-01-02
657,Robert,Dean,47,1996-04-20,20,1,2014-12-25
658,Marilyn,Snyder,19,1986-06-04,30,2,2009-09-26
659,Tara,Edwards,48,1991-09-10,25,2,2010-07-04
660,Mary,Brown,4,1993-01-14,24,2,2014-08-06
661,Blake,Jackson,34,1997-08-06,19,1,2007-06-03
662,Oliver,Henderson,19,1974-12-18,42,1,2000-03-27
663,Jerry,Smith,38,1976-07-10,40,1,2015-05-01
664,Mark,Haynes,20,1976-06-13,40,1,2006-08-13
665,John,Edwards,39,1967-06-09,49,1,2001-05-01
666,Patricia,Cook,11,1963-12-13,53,2,2001-06-21
667,Thomas,King,5,1981-06-27,35,1,2003-01-27
668,Susan,Kaufman,1,1965-10-14,51,2,2015-01-15
669,Richard,Armstrong,7,1961-03-15,55,1,2012-11-02
670,Karen,Porter,46,1989-12-17,27,2,2003-03-27
671,Alvin,Whitley,27,2000-09-21,16,1,2012-07-07
672,Bonita,Jones,40,1994-02-25,22,2,2011-06-29
673,Doug,Wood,17,1973-08-03,43,1,2003-09-26
674,Keith,Kemp,11,1999-12-11,17,1,2015-06-30
675,Ruby,Henderson,35,1953-06-30,63,2,2013-07-06
676,Chris,Cruz,11,1976-01-02,41,1,2000-03-18
677,Frank,Ellison,31,1975-02-25,41,1,2001-10-03
678,John,Todd,29,1974-11-06,42,1,2000-11-21
679,Margaret,Doyle,11,1967-06-04,49,2,2005-02-25
680,Donald,Johnson,22,2004-09-20,12,1,2014-05-03
681,Garrett,Foster,40,1954-05-08,62,1,2004-09-24
682,Annette,Turner,8,1983-05-17,33,2,2015-09-06
683,Debra,Miller,21,1958-04-20,58,2,2004-01-26
684,Marvin,Leonard,32,1966-02-15,51,1,2014-01-04
685,Gayle,Bass,30,1955-07-11,61,2,2008-03-17
686,Norman,Bailey,13,1956-09-08,60,1,2002-07-20
687,Elliott,Mcdonald,23,1953-09-21,63,1,2015-04-24
688,June,Tucker,39,1997-07-05,19,2,2009-01-11
689,Eric,Johnson,46,1964-09-20,52,1,2006-03-02
690,Joseph,Stewart,15,1957-11-28,59,1,2007-06-02
691,Dorothy,James,36,1984-03-31,32,2,2009-01-31
692,Thomas,Walker,6,1970-03-05,46,1,2011-06-03
693,Faustino,Walters,23,1960-11-25,56,1,2012-04-22
694,Herman,Banks,29,1969-10-20,47,1,2015-01-15
695,Lisa,Garner,22,1961-09-12,55,2,2008-07-11
696,Mark,Wilson,31,1987-08-22,29,1,2003-05-25
697,Randal,House,11,1954-11-27,62,1,2005-12-29
698,James,May,1,1956-06-14,60,1,2005-06-26
699,Laura,Davis,50,2001-12-21,15,2,2015-04-26
700,Raymond,Grant,3,1990-04-09,26,1,2001-04-02
701,Tommy,Cook,12,1972-05-30,44,1,2013-07-10
702,Lee,Sampson,3,1952-05-08,64,2,2002-07-25
703,Bryan,Schneider,14,1961-10-05,55,1,2010-04-21
704,Nicholas,Bradley,14,1964-10-20,52,1,2009-11-21
705,Blanche,Figueroa,5,1996-02-07,21,2,2011-05-03
706,Ann,Miranda,20,1979-01-03,38,2,2015-02-08
707,Simon,Osborn,31,1972-01-27,45,1,2011-08-03
708,Clarence,Everett,18,1992-01-21,25,1,2003-07-05
709,Janie,Schwartz,48,1974-01-08,43,2,2013-06-27
710,William,Morris,12,1951-10-03,65,1,2014-10-25
711,Hannah,Green,34,1983-03-22,33,2,2014-08-11
712,Rita,Montgomery,12,1974-07-18,42,2,2014-11-16
713,Helen,Trevino,32,1997-07-02,19,2,2012-04-16
714,Sheri,Hunter,12,1951-06-27,65,2,2005-04-29
715,Frank,Cameron,31,1976-02-08,41,1,2008-06-08
716,Jean,Gutierrez,35,1956-01-06,61,2,2002-10-07
717,Dorothy,Sims,48,1951-01-15,66,2,2014-09-12
718,Chad,Wright,14,1976-04-04,40,1,2006-11-21
719,Brian,Coleman,28,1973-12-14,43,1,2012-06-05
720,Brian,Guzman,20,1993-08-19,23,1,2005-10-24
721,Michael,Smith,44,1955-01-23,62,1,2008-10-27
722,Juan,Young,21,1998-11-06,18,1,2015-10-15
723,Carol,Moore,5,1983-03-12,33,2,2005-09-27
724,John,Jackson,9,1966-04-23,50,1,2009-01-04
725,Franklin,Moore,19,1956-02-19,61,1,2008-06-10
726,Steve,O'brien,14,1999-11-30,17,1,2014-09-18
727,Todd,Foster,32,1951-08-04,65,1,2009-10-22
728,George,Ayala,31,1966-06-26,50,1,2010-08-08
729,Monica,Peterson,50,1991-03-13,25,2,2008-06-21
730,Ervin,Bradford,23,1976-07-16,40,1,2015-08-03
731,Adam,Williams,3,1958-11-28,58,1,2010-04-16
732,Vincent,Houston,7,1964-06-06,52,1,2010-07-11
733,Douglas,Thomas,28,1964-07-03,52,1,2002-12-06
734,David,Clark,9,1967-05-14,49,1,2006-09-28
735,Debra,Davis,10,1987-08-06,29,2,2005-07-17
736,Richard,Romero,12,1992-04-05,24,1,2015-04-05
737,Grady,West,3,1957-05-24,59,1,2005-12-07
738,Michael,Huffman,50,1953-04-26,63,1,2005-09-10
739,Nick,Potter,27,1986-05-27,30,1,2012-03-24
740,Dorothy,Knapp,32,1999-05-01,17,2,2012-04-22
741,Michael,Davis,44,2002-11-06,14,1,2012-02-17
742,Jose,Mcbride,8,1983-08-21,33,1,2004-04-18
743,Kyle,Wright,9,1999-05-17,17,1,2009-01-19
744,Brian,Rose,1,1966-05-16,50,1,2013-09-11
745,Alicia,Brown,48,1953-02-10,64,2,2008-02-07
746,Tony,Strong,42,1982-02-22,34,1,2005-10-29
747,Alfred,Snow,42,1950-10-07,66,1,2007-10-10
748,George,Wagner,2,1971-01-07,46,1,2005-11-29
749,Veronica,Medina,34,1993-02-22,23,2,2007-07-19
750,Clifford,English,42,1958-09-03,58,1,2007-11-08
751,Elizabeth,Palmer,25,1986-05-11,30,2,2003-06-03
752,Jose,Harris,35,2000-01-03,17,1,2014-01-21
753,Gerald,Flores,20,1951-05-06,65,1,2000-02-10
754,Arthur,Bradley,35,1981-10-07,35,1,2012-09-26
755,Dale,Murray,39,1982-08-16,34,1,2008-07-22
756,Jeffrey,Jones,5,1980-03-22,36,1,2015-09-08
757,Lillian,Warren,33,1983-04-25,33,2,2003-09-22
758,Sharon,Hobbs,37,1968-02-15,49,2,2012-01-29
759,William,Martinez,11,1952-10-19,64,1,2014-08-12
760,Howard,Tyler,26,1980-12-06,36,1,2006-03-31
761,Roderick,Hall,40,1968-03-01,48,1,2009-12-08
762,Tammy,Guzman,37,1988-10-12,28,2,2000-06-19
763,Ernest,Knight,46,1970-11-23,46,1,2011-07-08
764,Gordon,Blankenship,3,1962-08-12,54,1,2002-07-10
765,Frances,Ramirez,31,1959-08-23,57,2,2003-04-14
766,Jimmy,Ramirez,33,1971-08-09,45,1,2012-02-06
767,Daniel,Lopez,9,1953-07-23,63,1,2010-12-17
768,Miguel,Silva,29,1965-09-04,51,1,2003-03-23
769,Mary,Olson,46,1973-03-12,43,2,2002-11-28
770,Billie,Baker,30,2004-06-05,12,2,2015-12-28
771,Jeannine,Peterson,16,1965-11-21,51,2,2006-12-14
772,Roy,Morales,47,1950-10-11,66,1,2013-03-24
773,Rita,Dunn,39,1969-05-03,47,2,2010-02-28
774,Lawrence,Graham,5,1964-08-31,52,1,2010-01-29
775,Bill,Palmer,20,1980-09-09,36,1,2006-07-20
776,Bob,Duke,19,1950-08-16,66,1,2007-02-01
777,Diana,Ward,36,1985-07-01,31,2,2001-09-11
778,Michael,Alvarez,2,1980-01-14,37,1,2014-08-21
779,Dewayne,Hall,37,1957-03-07,59,1,2003-08-27
780,Willard,Matthews,42,1984-06-09,32,1,2000-10-19
781,Lisa,Robertson,27,1992-07-25,24,2,2007-09-30
782,Bonnie,Stone,46,1963-10-24,53,2,2014-02-16
783,Willie,Evans,36,1969-11-11,47,1,2007-04-01
784,Carol,Moran,29,1975-08-11,41,2,2010-12-28
785,Collin,Sanford,36,1991-01-22,26,1,2006-09-05
786,Charles,Hicks,47,1967-07-18,49,1,2009-11-02
787,Cheryl,Schmidt,31,1988-07-11,28,2,2005-07-03
788,Larry,Espinoza,19,2002-02-09,15,1,2014-10-06
789,Curtis,Dunn,17,1993-10-10,23,1,2006-07-02
790,Douglas,Santiago,25,2000-12-24,16,1,2011-08-18
791,Paul,Lee,34,1987-12-28,29,1,2003-04-08
792,Teddy,Wells,47,1993-08-29,23,1,2006-12-11
793,Lillian,Carr,43,2002-03-07,14,2,2013-03-24
794,Richard,Buchanan,33,1991-12-22,25,1,2006-07-12
795,Jennifer,Stone,45,1976-01-17,41,2,2002-08-10
796,Magdalena,Robertson,24,1954-07-08,62,2,2015-01-20
797,Anton,Gross,17,1966-05-25,50,1,2008-04-09
798,Jeffrey,Scott,19,1956-02-05,61,1,2002-11-11
799,Sharron,Ryan,37,1990-01-04,27,2,2007-11-18
800,Deborah,Wood,41,1999-08-02,17,2,2010-03-06
801,Elizabeth,Weaver,48,1969-12-09,47,2,2009-03-28
802,Jeremy,Parks,8,1976-02-18,41,1,2011-10-17
803,Helen,Estes,6,1964-11-14,52,2,2009-07-11
804,Andy,Lowe,36,1968-03-22,48,1,2012-07-16
805,Michael,Martin,7,1987-07-23,29,1,2002-11-08
806,Bryan,Collins,26,1985-11-28,31,1,2001-01-05
807,Timothy,Grant,10,1982-11-13,34,1,2010-12-06
808,Jessica,Lloyd,25,1998-12-24,18,2,2009-11-13
809,Chester,Shelton,33,2004-09-05,12,1,2015-11-24
810,Carla,Day,36,1987-06-01,29,2,2007-08-11
811,James,Johnson,16,1972-06-26,44,1,2012-03-09
812,Trina,Prince,43,1993-08-22,23,2,2005-06-05
813,Michelle,Keller,11,1950-08-25,66,2,2012-12-13
814,Lena,Arnold,46,1980-12-13,36,2,2014-12-18
815,Carolyn,Campbell,33,1954-03-30,62,2,2001-09-01
816,David,Williams,40,1952-06-26,64,1,2012-12-23
817,Matthew,Sargent,46,1951-04-12,65,1,2013-09-08
818,Stephanie,Wright,33,1976-07-21,40,2,2006-12-10
819,Stacy,Barrett,3,1967-11-17,49,2,2005-05-19
820,Ben,White,39,1960-01-21,57,1,2014-05-18
821,Georgia,Green,11,2003-11-29,13,2,2013-05-09
822,Hazel,Davis,14,1999-04-01,17,2,2011-05-26
823,Janice,Mccoy,29,1989-01-08,28,2,2006-09-17
824,Leanne,Johnson,46,2000-04-19,16,2,2013-10-10
825,Joseph,Johnson,28,1975-02-21,42,1,2000-02-21
826,Catherine,Vasquez,29,1998-04-22,18,2,2012-07-09
827,Alfredo,Adams,19,1972-09-26,44,1,2000-03-14
828,Rose,Hicks,46,1956-07-21,60,2,2013-03-13
829,Patricia,Ferrell,37,2000-09-19,16,2,2015-05-08
830,Gary,Johnson,3,1973-10-18,43,1,2008-02-14
831,Lisa,West,24,1998-11-01,18,2,2015-05-05
832,Curt,Burke,2,1967-07-23,49,1,2007-04-21
833,Richard,Gray,35,1954-05-18,62,1,2010-11-23
834,Melissa,Macias,15,1964-09-29,52,2,2001-07-16
835,Tracy,Williams,7,1970-12-24,46,2,2008-05-04
836,Michael,Rhodes,9,1989-01-03,28,1,2003-04-12
837,Kathy,Kirk,32,1985-04-23,31,2,2015-03-16
838,Richard,Foster,33,1993-01-22,24,1,2013-05-14
839,Daniel,Fowler,24,1965-02-19,52,1,2006-03-29
840,Bruce,Griffin,13,1973-12-26,43,1,2008-05-26
841,Jamie,Jennings,41,1958-10-07,58,1,2008-10-07
842,John,Davis,9,1983-02-18,34,1,2000-12-19
843,Kathleen,Henderson,36,1988-11-23,28,2,2002-05-01
844,Justin,Fischer,41,1972-10-13,44,1,2007-12-21
845,Larry,Cruz,44,1983-08-23,33,1,2010-06-23
846,James,Cannon,46,1958-06-05,58,1,2000-05-28
847,Mary,Meyer,1,1989-01-08,28,2,2015-07-13
848,Son,Elliott,22,2003-06-08,13,1,2014-06-10
849,Edward,Morris,33,1960-03-03,56,1,2005-01-08
850,Yvette,Rogers,15,1994-09-30,22,2,2004-01-12
851,Allen,Stevens,47,1986-09-13,30,1,2012-02-07
852,Hazel,Foster,21,2000-02-16,17,2,2010-08-18
853,Gertrude,Jones,40,1977-01-10,40,2,2010-12-10
854,Garland,Williams,33,1976-03-13,40,1,2006-06-10
855,Brad,Smith,10,1999-03-05,17,1,2014-05-30
856,Emily,Fitzgerald,49,1953-12-02,63,2,2001-01-17
857,Kimberly,Davis,47,1950-05-30,66,2,2001-12-24
858,Christopher,Brown,35,1995-11-04,21,1,2008-06-08
859,Beatrice,Garcia,40,1967-11-17,49,2,2000-12-29
860,Melvin,Gilbert,19,1969-12-18,47,1,2013-11-24
861,Andrew,Serrano,9,1982-01-27,35,1,2012-09-17
862,James,George,33,1967-04-12,49,1,2000-05-09
863,Jessica,Hayes,43,1995-12-11,21,2,2009-12-12
864,Joseph,Jones,6,1975-11-16,41,1,2009-10-25
865,Ryan,Malone,32,1981-06-19,35,1,2015-03-30
866,Connie,Patterson,17,1991-03-21,25,2,2006-10-11
867,Edith,Smith,17,1957-07-28,59,2,2012-04-08
868,Rachel,Coleman,42,1984-07-07,32,2,2002-10-03
869,Edward,Gardner,27,1953-05-27,63,1,2013-08-30
870,Ella,Robles,20,1994-01-17,23,2,2011-03-14
871,Agnes,Murphy,40,1997-07-13,19,2,2013-08-06
872,Dewayne,Pearson,22,1964-01-08,53,1,2004-04-11
873,Mary,Hodges,22,1954-06-24,62,2,2014-01-15
874,Kevin,Owens,41,1958-12-31,58,1,2008-11-24
875,Karen,Page,44,1996-09-08,20,2,2015-09-15
876,Claudine,Hamilton,48,1992-05-12,24,2,2014-06-24
877,Tyrone,Becker,48,1983-08-31,33,1,2011-01-07
878,Walter,Mendez,20,1950-06-12,66,1,2010-02-26
879,Sarah,Hicks,4,1994-12-27,22,2,2006-08-28
880,Lorraine,Ramos,47,1969-02-20,48,2,2014-05-02
881,Sharon,Ochoa,44,1989-02-19,28,2,2004-01-01
882,Matthew,Wolfe,26,1985-10-22,31,1,2009-12-03
883,Dianne,Johnson,22,1988-05-25,28,2,2000-04-05
884,Maria,Owen,37,1956-06-01,60,2,2013-05-16
885,Irene,Alvarado,34,1987-05-25,29,2,2015-07-20
886,Robin,Spencer,11,1967-12-09,49,2,2007-07-29
887,Stephanie,Alvarez,35,1963-11-09,53,2,2007-12-28
888,Mary,Dalton,28,1954-02-22,62,2,2013-01-02
889,Paul,Roberts,30,1993-07-27,23,1,2007-03-23
890,Martha,Mcmahon,12,1997-01-30,20,2,2015-05-17
891,Philip,Nelson,28,1996-06-23,20,1,2010-11-02
892,Scott,Armstrong,50,1989-05-25,27,1,2001-08-12
893,Kasey,Edwards,43,1972-09-05,44,2,2010-06-19
894,Maria,Guerrero,3,1979-06-30,37,2,2004-11-27
895,Alma,Williams,20,1993-02-25,23,2,2005-06-23
896,Priscilla,Gomez,13,1982-11-28,34,2,2008-06-19
897,Timothy,Adams,49,1953-02-13,64,1,2008-03-18
898,Damian,Adams,44,1962-07-07,54,1,2001-05-07
899,Sheila,Smith,29,1972-07-12,44,2,2009-02-11
900,Jose,Simmons,6,1956-07-21,60,1,2013-05-04
901,Harold,Flores,40,2001-10-08,15,1,2013-08-05
902,Timothy,Gillespie,37,1981-12-22,35,1,2008-09-30
903,Glenn,Maynard,34,1987-10-30,29,1,2005-12-06
904,Michelle,Cooley,16,1981-06-14,35,2,2013-01-24
905,Andrea,Zimmerman,44,1981-11-27,35,2,2001-12-14
906,Joan,Lee,22,1966-05-03,50,2,2015-08-01
907,Mark,Anderson,47,1958-01-20,59,1,2014-12-04
908,David,Jarvis,42,1985-12-29,31,1,2002-01-08
909,Joe,Ellis,17,1967-11-30,49,1,2009-08-23
910,Alexandra,Aguirre,48,1985-08-18,31,2,2001-05-22
911,Erin,Johnson,30,1971-05-30,45,2,2013-02-08
912,Thomas,Gonzalez,3,1963-03-07,53,1,2013-09-21
913,Horace,Franklin,1,1975-04-27,41,1,2015-01-15
914,Simon,Camacho,38,1958-06-07,58,1,2002-07-05
915,Susan,Richardson,10,1967-02-22,49,2,2015-01-11
916,Thomas,Chaney,2,2003-08-09,13,1,2013-11-23
917,Frances,Poole,17,1995-02-20,22,2,2011-05-01
918,Christine,Smith,2,2002-09-25,14,2,2014-06-10
919,Ellen,Davis,15,1955-12-25,61,2,2002-12-26
920,Latonya,Mccarthy,44,2002-03-26,14,2,2012-06-22
921,Michelle,Duncan,44,1971-01-20,46,2,2003-07-21
922,Adam,Morales,22,1977-01-19,40,1,2008-02-18
923,Gregory,Graves,15,1993-03-13,23,1,2010-08-24
924,Brandi,Gordon,4,1988-02-14,29,2,2001-10-06
925,Laura,Green,20,1958-04-06,58,2,2015-07-21
926,Arthur,Vinson,3,2003-05-27,13,1,2015-08-29
927,Peter,Serrano,43,1974-02-15,43,1,2008-10-28
928,Timothy,Mendez,38,1981-08-14,35,1,2003-06-02
929,James,Garrett,5,1984-10-13,32,1,2004-11-10
930,Deborah,Collins,28,1963-02-23,53,2,2015-12-12
931,Michael,Morgan,5,1984-06-03,32,1,2004-10-21
932,Richard,Hicks,39,1971-07-19,45,1,2014-05-09
933,John,Hernandez,15,2002-10-31,14,1,2014-09-23
934,Craig,Schmidt,5,1961-02-21,56,1,2012-06-07
935,Loyd,Cunningham,45,1993-02-01,24,1,2009-06-04
936,Kristina,Klein,32,1956-11-18,60,2,2014-06-07
937,Roy,Rodriguez,41,2003-06-10,13,1,2015-11-24
938,Kevin,Mitchell,12,1979-05-26,37,1,2010-01-24
939,Eleanor,Diaz,22,1960-06-07,56,2,2002-01-19
940,Stephen,Snyder,22,1972-09-30,44,1,2010-05-07
941,Lena,Stewart,16,2003-09-03,13,2,2015-06-04
942,Willie,Gonzalez,24,1965-04-25,51,1,2002-11-28
943,Cheryl,Miller,25,1972-03-28,44,2,2001-03-11
944,Jerry,Lopez,17,1951-07-17,65,1,2013-10-06
945,Danielle,Anderson,11,1995-06-10,21,2,2007-08-09
946,Diana,Perkins,19,1956-06-23,60,2,2009-07-05
947,Christopher,Powell,3,1987-10-10,29,1,2009-05-09
948,Christopher,George,42,1985-04-03,31,1,2010-08-22
949,Troy,Hernandez,45,1962-02-17,55,1,2009-06-13
950,Matthew,Smith,21,1955-05-06,61,1,2010-07-04
951,Katherine,Thomas,41,1954-08-18,62,2,2004-09-22
952,Jamie,Simmons,27,1978-11-30,38,2,2010-10-06
953,Chris,Long,16,1966-05-07,50,1,2010-06-25
954,Katherine,Guzman,13,1974-04-21,42,2,2005-02-24
955,Warren,Barnes,26,1964-02-29,52,1,2005-10-23
956,Carlos,Bell,5,1995-02-19,22,1,2013-02-18
957,Jerald,Patrick,40,1977-03-13,39,1,2010-05-26
958,Matthew,Tanner,36,1998-06-10,18,1,2008-10-27
959,Amy,Perez,44,1980-09-27,36,2,2002-11-15
960,Jeffrey,Schneider,33,1982-06-20,34,1,2002-04-13
961,Philip,Gentry,47,1968-12-18,48,1,2003-06-12
962,Helen,Fernandez,3,1956-05-12,60,2,2015-10-20
963,Stephen,Hatfield,43,1951-08-03,65,1,2015-07-09
964,Frank,Velez,27,1959-01-03,58,1,2013-06-25
965,Fay,Allen,19,1966-08-06,50,2,2011-03-01
966,Matthew,Grant,12,1950-08-13,66,1,2003-03-06
967,John,Martin,13,1997-09-11,19,1,2007-05-04
968,Joe,Anderson,21,1964-09-27,52,1,2000-01-05
969,Christopher,Taylor,50,1976-09-06,40,1,2006-10-11
970,Laurence,Green,35,1992-06-27,24,1,2008-02-13
971,Leona,Hayes,17,1964-12-12,52,2,2011-08-26
972,Clyde,Taylor,24,1984-03-23,32,1,2000-12-14
973,Joseph,Johnson,37,1963-12-21,53,1,2014-04-05
974,Terence,Jones,21,1955-01-27,62,1,2006-02-19
975,Susan,Boone,19,1978-01-17,39,2,2008-03-14
976,Linda,Morris,31,1967-05-18,49,2,2000-07-07
977,David,Miller,1,1995-12-03,21,1,2010-04-21
978,Janet,Clayton,20,1955-09-20,61,2,2010-09-03
979,Barbara,Hernandez,23,1987-01-29,30,2,2000-09-15
980,Charlotte,Hughes,9,1962-08-04,54,2,2009-11-30
981,Elvis,Donovan,9,1992-12-19,24,1,2010-03-11
982,Charles,Silva,31,1985-03-11,31,1,2014-07-24
983,David,Davis,21,1993-06-05,23,1,2008-04-30
984,Harold,Torres,1,2003-12-05,13,1,2014-03-09
985,Lisa,Colon,10,1981-05-24,35,2,2011-04-03
986,Robert,Robertson,40,1987-07-01,29,1,2000-03-09
987,Jesse,Cooper,19,1980-09-29,36,1,2001-08-03
988,Roger,Hartman,21,1983-12-06,33,1,2005-11-07
989,Roberta,Larson,37,1982-06-26,34,2,2006-11-17
990,Christine,Gray,28,1981-06-06,35,2,2003-12-08
991,Terry,Wright,41,1965-10-20,51,1,2001-03-06
992,Anne,Vaughan,34,1993-11-30,23,2,2013-10-09
993,Marilyn,Bennett,28,2001-04-30,15,2,2012-09-02
994,Bill,Taylor,16,1993-05-24,23,1,2004-08-18
995,Tami,Mullins,34,1972-03-18,44,2,2011-05-09
996,Charles,Walker,16,1991-10-13,25,1,2011-12-14
997,Regina,Hurst,19,1992-06-20,24,2,2003-09-30
998,Nannie,Kelly,14,1954-05-02,62,2,2003-01-21
999,Pearl,Miles,14,1995-06-17,21,2,2009-08-10
1000,Donna,Smith,14,1984-11-19,32,2,2011-07-18
