id,created_on,creator_id,content_id
1,2010-09-17,23,2
2,2010-05-20,45,1
3,2015-04-11,56,2
4,2014-10-13,22,4
5,2015-12-29,9,4
6,2015-09-26,25,2
7,2002-02-25,80,3
8,2014-05-11,78,3
9,2014-09-20,2,4
10,2015-03-02,100,3
11,2014-08-09,14,1
12,2011-05-31,86,4
13,2007-02-27,59,1
14,2010-09-19,78,3
15,2014-05-26,83,1
16,2011-10-26,26,1
17,2013-03-18,92,2
18,2015-11-23,69,2
19,2015-11-01,74,2
20,2007-11-11,38,3
21,2015-07-19,90,1
22,2010-06-16,27,3
23,2011-05-10,33,1
24,2015-12-17,9,3
25,2012-11-18,96,4
26,2015-06-27,36,3
27,2011-03-01,29,4
28,2013-09-13,11,2
29,2015-03-31,100,2
30,2006-07-16,35,4
31,2010-10-29,88,3
32,2013-11-12,49,1
33,2010-03-18,45,2
34,2007-07-08,2,1
35,2009-10-20,82,1
36,2013-10-18,34,1
37,2015-04-23,55,4
38,2010-02-22,81,2
39,2007-05-14,59,4
40,2010-07-02,6,2
41,2014-10-18,96,4
42,2010-04-19,8,3
43,2006-01-02,8,4
44,2013-08-12,52,2
45,2013-11-15,31,4
46,2015-02-05,10,1
47,2004-03-01,83,4
48,2014-08-24,41,3
49,2012-06-22,53,1
50,2009-06-27,2,3
51,2012-08-18,81,3
52,2014-05-09,23,2
53,2013-06-22,86,1
54,2009-11-04,81,4
55,2012-11-07,15,1
56,2010-07-24,84,4
57,2015-08-31,42,2
58,2015-12-26,9,3
59,2014-01-28,52,2
60,2015-08-24,7,4
61,2015-09-20,74,1
62,2015-10-19,69,4
63,2012-12-21,34,2
64,2015-12-17,67,2
65,2010-01-13,38,3
66,2014-02-12,96,4
67,2010-04-13,82,4
68,2015-10-07,97,1
69,2015-02-10,81,3
70,2009-08-03,44,2
71,2009-10-12,27,3
72,2011-09-25,84,2
73,2006-04-02,38,4
74,2014-09-12,85,2
75,2014-01-20,92,1
76,2011-08-20,88,1
77,2009-11-02,51,3
78,2010-04-16,2,4
79,2015-06-26,92,4
80,2014-04-18,34,1
81,2013-12-16,90,2
82,2015-03-29,16,3
83,2015-07-28,14,3
84,2003-03-07,91,2
85,2008-03-18,18,4
86,2004-05-02,91,4
87,2007-04-14,59,1
88,2003-09-26,82,3
89,2003-11-03,88,4
90,2015-10-09,98,2
91,2015-01-27,100,3
92,2014-08-13,57,4
93,2015-05-04,79,4
94,2015-10-27,7,3
95,2015-11-25,74,3
96,2013-11-10,20,1
97,2012-11-09,18,2
98,2012-04-28,10,3
99,2013-09-21,20,4
100,2013-04-29,38,3
101,2013-10-30,11,2
102,2014-10-29,97,3
103,2014-09-24,29,1
104,2015-01-31,45,1
105,2015-12-28,67,1
106,2013-11-02,11,1
107,2011-01-18,85,4
108,2009-02-09,24,3
109,2015-12-13,67,1
110,2014-10-10,14,1
111,2015-06-04,66,2
112,2014-07-04,25,2
113,2014-11-28,6,3
114,2008-10-19,78,4
115,2013-04-06,73,4
116,2014-02-08,54,1
117,2015-04-27,21,2
118,2012-12-17,42,1
119,2015-01-02,92,1
120,2010-02-08,38,1
121,2014-09-14,29,4
122,2014-09-07,95,4
123,2015-04-16,90,4
124,2015-07-17,93,3
125,2013-04-12,81,1
126,2012-03-29,6,4
127,2011-05-04,68,3
128,2006-12-12,19,2
129,2007-07-08,18,3
130,2012-07-28,65,2
131,2014-05-29,95,2
132,2015-09-16,7,1
133,2008-03-20,72,2
134,2013-03-13,2,2
135,2014-08-14,21,4
136,2012-07-01,65,2
137,2014-02-24,28,3
138,2015-06-03,60,2
139,2015-06-26,32,1
140,2015-11-06,69,2
141,2011-07-27,70,4
142,2015-11-21,8,1
143,2013-11-26,51,4
144,2012-07-30,48,3
145,2009-09-23,18,1
146,2002-03-07,93,1
147,2009-10-10,53,3
148,2011-10-15,84,4
149,2005-10-09,8,3
150,2006-10-28,57,1
151,2013-05-27,22,3
152,2007-09-02,50,3
153,2014-10-08,6,4
154,2015-04-05,58,4
155,2015-04-16,2,3
156,2011-05-05,84,4
157,2015-11-09,14,4
158,2011-10-15,94,2
159,2015-03-18,11,4
160,2015-12-02,1,4
161,2010-01-23,30,1
162,2015-10-01,100,1
163,2015-08-26,36,4
164,2015-01-29,97,3
165,2010-01-21,65,2
166,2011-06-13,88,2
167,2014-11-18,71,1
168,2013-11-14,84,4
169,2013-07-16,17,1
170,2005-08-17,83,1
171,2014-05-02,52,3
172,2014-11-21,66,2
173,2012-08-20,21,4
174,2011-01-17,10,4
175,2011-06-09,44,3
176,2012-12-15,17,3
177,2012-12-05,6,1
178,2013-07-27,13,1
179,2008-07-06,27,4
180,2014-05-12,4,1
181,2008-08-01,27,4
182,2008-08-11,41,4
183,2015-04-25,79,1
184,2007-07-23,27,3
185,2015-04-27,34,1
186,2014-11-01,5,2
187,2007-05-29,83,4
188,2015-09-12,10,3
189,2014-06-02,55,4
190,2014-11-05,10,2
191,2013-02-16,44,1
192,2015-08-19,21,4
193,2008-06-11,53,1
194,2012-10-25,76,1
195,2015-09-29,7,4
196,2006-03-23,39,4
197,2015-05-31,98,3
198,2015-06-26,30,2
199,2009-01-24,82,2
200,2015-05-03,45,2
201,2013-03-30,93,4
202,2015-09-21,74,3
203,2005-04-07,26,2
204,2011-01-04,89,4
205,2014-04-07,55,3
206,2013-12-10,52,1
207,2015-11-22,40,3
208,2015-12-26,45,4
209,2015-12-17,9,4
210,2013-06-17,17,3
211,2012-04-25,34,2
212,2014-09-01,71,3
213,2014-07-07,13,2
214,2011-06-09,58,3
215,2015-03-10,97,2
216,2015-07-18,52,2
217,2014-07-24,50,4
218,2013-01-23,84,3
219,2015-02-19,90,2
220,2013-06-01,90,1
221,2015-04-26,47,2
222,2008-09-15,23,2
223,2011-08-11,10,2
224,2015-03-25,60,3
225,2012-07-16,52,3
226,2013-05-02,77,3
227,2012-10-01,31,2
228,2006-10-15,99,2
229,2006-10-29,18,1
230,2015-10-18,69,1
231,2013-11-04,71,1
232,2012-05-29,32,1
233,2006-12-16,53,1
234,2008-12-23,38,4
235,2015-10-30,74,3
236,2009-04-16,59,3
237,2013-12-29,37,3
238,2006-04-05,59,4
239,2008-06-21,13,1
240,2007-02-06,27,3
241,2011-03-29,12,2
242,2010-03-26,2,3
243,2010-12-17,27,1
244,2015-06-21,36,2
245,2012-12-09,23,3
246,2005-10-21,72,3
247,2015-05-08,36,3
248,2015-11-16,62,3
249,2015-05-09,14,1
250,2009-02-21,68,4
251,2010-12-28,18,2
252,2014-09-02,37,2
253,2015-02-01,47,2
254,2006-06-12,57,3
255,2008-10-17,78,3
256,2010-09-04,85,4
257,2015-07-21,79,2
258,2004-03-28,82,2
259,2015-05-14,25,4
260,2015-07-26,30,2
261,2014-04-30,82,1
262,2015-12-19,9,3
263,2006-10-03,49,3
264,2008-07-17,78,1
265,2013-08-11,33,4
266,2007-10-09,39,3
267,2012-02-11,59,4
268,2013-01-08,15,2
269,2010-03-21,87,3
270,2014-06-12,11,4
271,2014-10-25,80,4
272,2014-10-29,52,2
273,2005-03-29,46,1
274,2015-12-03,80,3
275,2015-05-16,98,4
276,2013-05-19,16,1
277,2015-02-13,13,2
278,2011-08-05,29,3
279,2015-12-22,9,2
280,2012-03-14,84,1
281,2015-10-12,89,1
282,2014-05-31,25,3
283,2011-12-09,76,4
284,2005-01-30,59,4
285,2015-06-11,66,4
286,2011-12-08,23,1
287,2007-04-28,39,3
288,2015-11-16,34,3
289,2009-11-04,61,3
290,2012-07-12,52,2
291,2011-03-05,41,1
292,2015-12-15,67,2
293,2013-02-09,65,2
294,2011-12-22,61,3
295,2002-04-17,93,2
296,2005-07-22,91,4
297,2015-12-07,40,4
298,2010-08-24,80,2
299,2014-09-18,46,1
300,2015-01-11,66,2
301,2015-10-03,52,4
302,2015-08-17,7,3
303,2004-10-27,64,1
304,2011-01-21,91,2
305,2015-11-25,60,3
306,2015-05-08,90,1
307,2014-07-09,90,1
308,2014-12-02,66,1
309,2015-12-31,98,4
310,2006-09-19,88,3
311,2009-02-13,4,2
312,2008-01-28,32,3
313,2014-03-02,16,4
314,2014-02-10,86,4
315,2014-07-08,28,2
316,2014-11-25,87,4
317,2015-08-26,98,4
318,2015-04-25,25,3
319,2014-06-29,3,1
320,2015-01-11,4,2
321,2014-12-05,55,2
322,2009-06-18,71,1
323,2001-05-03,30,4
324,2009-11-12,35,3
325,2014-09-08,96,4
326,2012-10-02,78,1
327,2014-01-24,43,4
328,2008-09-09,27,4
329,2013-07-13,35,1
330,2010-05-20,89,2
331,2015-05-28,75,1
332,2010-02-02,35,3
333,2011-07-06,73,1
334,2011-03-09,45,2
335,2007-02-05,38,1
336,2007-08-21,93,4
337,2007-08-17,2,3
338,2015-06-05,89,2
339,2005-07-30,48,4
340,2013-06-09,80,4
341,2015-08-03,7,3
342,2008-09-14,19,3
343,2002-11-14,88,4
344,2015-04-19,79,1
345,2015-03-09,63,4
346,2006-12-28,12,3
347,2006-09-12,53,3
348,2009-04-20,54,4
349,2013-09-14,84,1
350,2015-05-26,77,4
351,2015-12-23,7,2
352,2009-12-08,10,3
353,2012-01-04,93,3
354,2010-05-02,6,2
355,2015-12-23,9,4
356,2015-12-09,85,4
357,2014-12-24,3,4
358,2011-02-11,4,4
359,2002-02-23,46,4
360,2010-12-10,37,3
361,2009-09-12,45,1
362,2013-02-18,16,4
363,2011-01-14,53,2
364,2010-02-07,76,4
365,2012-07-11,26,4
366,2015-10-13,74,4
367,2015-03-10,6,2
368,2013-09-17,6,1
369,2015-03-02,55,2
370,2014-06-03,25,4
371,2007-11-07,72,4
372,2014-03-04,44,4
373,2015-04-30,16,3
374,2008-01-16,59,3
375,2008-01-06,19,3
376,2015-04-22,24,4
377,2010-10-26,81,2
378,2006-07-02,23,3
379,2009-04-12,8,3
380,2012-12-13,92,2
381,2005-06-12,19,4
382,2008-01-01,61,4
383,2015-12-13,2,4
384,2014-11-18,42,4
385,2015-12-04,74,3
386,2013-08-14,78,1
387,2010-09-30,45,2
388,2010-11-14,70,1
389,2015-12-27,9,1
390,2015-01-25,98,2
391,2013-03-24,87,3
392,2012-10-18,86,2
393,2015-04-30,63,4
394,2015-02-22,47,1
395,2005-10-25,49,2
396,2010-07-30,2,4
397,2013-02-10,50,4
398,2013-03-15,96,2
399,2014-12-24,63,2
400,2015-12-09,74,1
401,2010-05-17,44,3
402,2015-10-26,97,3
403,2015-11-13,73,2
404,2010-03-21,2,1
405,2011-03-04,20,1
406,2005-02-16,48,4
407,2014-04-03,62,4
408,2011-03-15,44,4
409,2015-05-19,75,1
410,2015-11-28,86,3
411,2011-03-27,61,2
412,2013-03-04,44,3
413,2014-10-13,37,1
414,2011-11-11,85,1
415,2010-09-20,26,1
416,2006-01-24,57,2
417,2011-08-20,82,1
418,2012-11-02,42,2
419,2014-02-22,55,4
420,2015-04-11,46,4
421,2005-03-31,19,3
422,2007-06-01,4,4
423,2007-07-16,49,3
424,2015-07-30,1,4
425,2013-03-25,41,4
426,2014-12-25,70,1
427,2009-06-30,50,1
428,2015-12-29,28,1
429,2008-11-21,38,2
430,2015-12-02,31,2
431,2013-12-23,26,1
432,2015-07-09,56,3
433,2015-12-18,9,2
434,2015-03-13,66,1
435,2015-10-30,56,3
436,2012-12-30,91,1
437,2015-11-23,56,4
438,2014-03-17,33,4
439,2009-05-18,83,1
440,2015-09-05,75,1
441,2014-12-17,84,1
442,2015-10-01,74,1
443,2012-12-29,35,4
444,2015-04-19,79,3
445,2015-07-13,42,2
446,2008-08-24,71,4
447,2015-06-03,72,1
448,2004-10-26,58,3
449,2007-02-09,51,1
450,2011-09-13,35,3
451,2014-07-03,55,3
452,2012-04-01,89,3
453,2012-04-12,81,3
454,2012-03-28,4,1
455,2014-11-21,25,4
456,2015-08-25,27,4
457,2005-03-07,54,3
458,2010-06-24,23,2
459,2011-09-19,53,3
460,2013-05-27,16,4
461,2013-04-17,22,1
462,2015-12-25,7,3
463,2014-09-20,47,2
464,2015-09-12,92,3
465,2012-01-07,73,1
466,2012-03-06,87,4
467,2006-10-14,12,2
468,2013-02-19,83,2
469,2005-01-24,39,4
470,2012-11-13,6,1
471,2014-10-24,38,4
472,2007-10-25,44,4
473,2013-02-04,86,2
474,2009-01-06,83,1
475,2012-11-22,11,4
476,2012-03-16,84,3
477,2008-05-01,32,1
478,2012-08-01,20,1
479,2014-03-15,83,1
480,2014-04-01,58,3
481,2013-11-04,11,1
482,2006-10-24,41,2
483,2013-01-28,92,2
484,2015-11-09,14,4
485,2013-04-13,42,2
486,2011-05-09,4,2
487,2014-01-20,55,1
488,2013-06-06,52,4
489,2007-05-05,39,3
490,2009-11-16,31,1
491,2014-02-11,82,4
492,2013-07-16,47,3
493,2001-11-11,93,1
494,2015-11-13,95,1
495,2014-06-22,21,4
496,2014-09-06,100,3
497,2010-04-04,93,1
498,2012-01-20,45,1
499,2011-09-02,62,4
500,2010-08-01,33,2
501,2013-04-01,10,4
502,2011-04-27,81,2
503,2008-06-20,43,2
504,2012-06-22,84,1
505,2012-11-24,38,3
506,2013-07-09,12,1
507,2012-03-05,45,3
508,2015-07-03,8,4
509,2011-02-23,77,3
510,2011-02-09,43,4
511,2015-08-01,44,3
512,2010-04-30,45,1
513,2007-10-09,70,3
514,2011-02-15,43,3
515,2007-08-15,71,4
516,2015-11-20,69,1
517,2011-11-06,51,3
518,2013-05-09,17,3
519,2003-03-26,54,1
520,2014-03-06,27,3
521,2014-09-24,15,3
522,2012-10-29,77,4
523,2013-09-05,92,2
524,2010-01-20,48,2
525,2013-06-22,11,3
526,2011-01-06,72,3
527,2009-01-20,41,1
528,2015-09-27,1,1
529,2014-08-29,16,4
530,2013-10-14,52,1
531,2012-07-19,30,1
532,2015-04-16,14,1
533,2015-12-22,9,4
534,2010-09-04,84,3
535,2012-01-27,29,2
536,2011-12-17,27,3
537,2014-07-06,15,2
538,2015-01-15,6,2
539,2014-09-30,52,4
540,2013-01-01,11,1
541,2013-09-26,41,1
542,2012-10-19,38,1
543,2015-08-04,7,3
544,2013-11-07,2,1
545,2007-06-10,2,1
546,2015-11-19,74,1
547,2005-01-07,4,1
548,2009-01-31,76,2
549,2015-11-25,79,3
550,2013-09-24,78,4
551,2015-08-31,75,2
552,2011-02-20,29,2
553,2015-11-01,100,4
554,2015-12-20,67,1
555,2015-12-12,40,3
556,2010-08-14,80,4
557,2015-03-01,6,1
558,2014-07-16,37,4
559,2012-04-17,62,4
560,2009-11-25,54,2
561,2004-02-29,35,2
562,2009-01-22,71,3
563,2011-08-13,68,1
564,2011-09-01,30,1
565,2007-08-25,27,1
566,2009-07-26,23,4
567,2005-08-01,49,3
568,2006-12-10,8,4
569,2009-07-25,27,2
570,2015-10-04,56,3
571,2014-04-25,45,2
572,2013-05-19,52,2
573,2010-01-02,37,4
574,2007-07-04,50,4
575,2014-06-17,3,3
576,2015-02-27,10,2
577,2013-03-01,33,3
578,2010-02-10,10,2
579,2015-03-19,14,3
580,2015-11-26,97,3
581,2014-09-10,99,2
582,2013-09-15,96,3
583,2013-01-01,26,2
584,2015-11-27,97,4
585,2012-10-14,15,3
586,2015-12-04,74,2
587,2012-06-12,2,1
588,2015-03-19,86,2
589,2015-10-25,56,4
590,2015-06-25,47,3
591,2015-04-19,89,2
592,2015-09-08,17,4
593,2005-08-21,82,2
594,2013-01-02,87,1
595,2010-09-04,38,4
596,2009-03-05,68,1
597,2015-04-13,29,2
598,2015-04-22,3,1
599,2010-03-28,10,4
600,2010-05-20,68,2
601,2013-03-09,78,1
602,2007-06-01,27,3
603,2006-02-12,91,2
604,2015-02-19,60,1
605,2015-08-17,1,1
606,2010-09-16,78,2
607,2015-06-03,97,4
608,2010-09-06,48,2
609,2014-10-04,15,1
610,2015-10-21,14,3
611,2012-06-30,62,1
612,2015-06-28,60,1
613,2015-12-10,75,1
614,2012-12-21,50,1
615,2015-08-18,42,4
616,2008-03-28,76,4
617,2015-12-15,67,3
618,2012-01-14,81,2
619,2015-08-03,5,4
620,2015-10-05,68,4
621,2014-09-25,5,2
622,2015-11-09,2,3
623,2014-05-21,18,3
624,2015-10-24,27,4
625,2015-07-10,60,1
626,2003-05-14,91,3
627,2015-12-12,79,3
628,2007-05-12,57,4
629,2014-11-06,62,2
630,2013-08-26,20,1
631,2015-02-19,37,1
632,2014-03-20,90,3
633,2015-09-26,61,1
634,2011-11-02,27,4
635,2015-03-24,35,2
636,2015-09-10,86,4
637,2014-11-26,97,1
638,2015-12-22,3,3
639,2015-01-05,16,4
640,2015-12-18,9,4
641,2003-10-29,93,2
642,2009-03-19,27,4
643,2007-05-06,23,3
644,2015-07-21,94,2
645,2015-10-10,74,2
646,2015-08-21,5,3
647,2008-04-03,32,4
648,2015-10-01,74,4
649,2013-03-15,82,3
650,2010-10-14,45,1
651,2012-07-01,38,3
652,2014-10-01,55,3
653,2011-03-25,43,1
654,2015-12-27,9,2
655,2015-11-21,40,3
656,2015-02-02,63,4
657,2014-11-30,50,4
658,2005-11-16,48,3
659,2013-12-24,61,2
660,2013-06-06,76,1
661,2014-09-09,55,2
662,2004-09-18,46,4
663,2008-07-05,50,2
664,2009-12-11,39,2
665,2015-12-06,40,2
666,2011-11-03,51,4
667,2015-11-21,69,4
668,2015-10-28,7,4
669,2014-10-30,100,1
670,2012-01-03,29,4
671,2015-08-21,37,4
672,2013-01-18,29,4
673,2010-11-06,43,1
674,2011-09-06,32,1
675,2014-12-05,90,4
676,2015-05-03,79,4
677,2015-04-02,37,4
678,2015-11-16,97,2
679,2010-01-28,32,1
680,2008-08-29,78,4
681,2015-01-01,13,1
682,2011-10-17,18,3
683,2007-05-18,48,4
684,2015-08-20,94,2
685,2006-11-05,23,3
686,2015-05-11,1,3
687,2011-12-01,68,1
688,2012-05-01,46,4
689,2013-09-08,32,3
690,2007-07-10,46,4
691,2013-06-13,61,1
692,2008-10-09,94,4
693,2010-11-21,12,4
694,2014-12-01,44,3
695,2015-12-07,40,1
696,2008-02-19,99,1
697,2010-10-29,19,2
698,2013-01-20,44,1
699,2010-10-19,84,3
700,2015-12-05,7,3
701,2010-12-07,82,3
702,2007-06-13,71,3
703,2015-10-23,40,4
704,2010-01-03,27,3
705,2010-02-04,68,2
706,2015-10-05,66,3
707,2015-08-24,79,3
708,2011-11-05,6,1
709,2008-09-30,4,3
710,2011-02-24,13,4
711,2014-07-06,17,1
712,2014-06-03,93,1
713,2011-02-26,99,2
714,2008-11-01,91,2
715,2015-11-08,32,1
716,2006-10-18,59,2
717,2009-08-29,20,1
718,2012-10-24,62,3
719,2015-06-29,65,2
720,2015-06-19,60,3
721,2015-12-24,9,2
722,2004-09-21,76,3
723,2014-07-21,59,4
724,2005-03-15,59,1
725,2012-02-05,81,2
726,2011-10-03,94,3
727,2011-10-14,76,1
728,2012-01-14,53,4
729,2015-11-18,1,1
730,2014-12-08,14,3
731,2010-11-28,73,1
732,2015-04-27,1,3
733,2014-04-15,29,4
734,2009-07-05,82,2
735,2006-01-11,64,4
736,2011-08-01,68,4
737,2015-12-24,9,1
738,2013-08-11,65,3
739,2011-05-09,45,4
740,2015-12-01,56,1
741,2014-10-21,54,4
742,2013-02-03,6,4
743,2015-08-07,87,1
744,2011-12-12,83,4
745,2010-11-21,41,2
746,2013-01-31,77,1
747,2015-09-05,10,3
748,2015-11-18,7,4
749,2003-10-17,88,2
750,2007-03-01,27,4
751,2012-05-30,84,3
752,2014-09-28,44,2
753,2015-04-18,6,4
754,2015-12-07,75,1
755,2008-01-05,38,4
756,2013-05-03,54,4
757,2013-10-16,73,3
758,2015-12-24,74,3
759,2004-07-11,58,4
760,2010-05-29,50,3
761,2010-05-22,38,1
762,2013-12-03,4,2
763,2015-09-10,95,1
764,2011-12-23,34,4
765,2015-10-23,74,3
766,2015-10-24,69,4
767,2015-12-27,98,1
768,2015-08-16,16,2
769,2013-07-26,70,3
770,2014-02-06,92,4
771,2014-11-05,77,1
772,2012-11-17,81,1
773,2014-03-27,76,3
774,2013-07-26,4,2
775,2014-01-22,52,1
776,2014-06-09,27,1
777,2015-10-30,46,4
778,2015-12-05,43,3
779,2013-07-14,77,1
780,2008-06-15,61,1
781,2014-01-02,28,1
782,2011-07-27,41,4
783,2015-07-03,85,3
784,2011-05-14,87,1
785,2008-11-01,18,3
786,2015-05-07,79,4
787,2015-05-19,46,4
788,2011-11-16,64,2
789,2013-02-16,48,3
790,2013-12-15,6,4
791,2012-02-08,45,2
792,2013-01-30,42,4
793,2012-12-12,4,3
794,2014-02-10,47,1
795,2013-10-21,63,1
796,2015-02-10,42,4
797,2013-10-12,24,2
798,2014-12-15,41,1
799,2015-05-18,98,1
800,2014-08-27,22,4
801,2014-05-04,2,1
802,2015-08-06,68,4
803,2015-06-18,30,3
804,2004-04-15,12,3
805,2015-12-20,69,4
806,2013-05-11,86,3
807,2012-09-08,86,1
808,2011-05-22,94,1
809,2015-06-06,75,2
810,2013-12-15,62,1
811,2007-07-27,70,1
812,2012-01-22,50,4
813,2013-07-01,27,4
814,2013-05-27,15,1
815,2008-12-28,44,1
816,2014-07-27,41,1
817,2002-08-31,26,4
818,2013-04-02,83,3
819,2015-05-17,29,4
820,2010-05-03,65,1
821,2015-11-24,24,2
822,2015-02-02,66,2
823,2014-06-20,34,4
824,2011-12-19,44,4
825,2014-12-29,73,3
826,2015-12-11,66,4
827,2012-06-23,77,3
828,2014-11-19,24,3
829,2011-03-28,45,4
830,2013-11-16,42,2
831,2014-03-20,55,1
832,2009-05-07,19,2
833,2014-08-25,58,3
834,2015-12-27,69,2
835,2013-10-24,46,2
836,2015-04-06,58,4
837,2015-05-01,95,3
838,2009-06-18,81,2
839,2006-10-16,49,1
840,2012-06-08,72,1
841,2007-05-19,4,4
842,2010-07-06,70,3
843,2010-08-21,33,3
844,2006-07-10,61,1
845,2008-04-19,50,3
846,2012-12-10,78,4
847,2009-04-02,88,1
848,2015-12-02,89,4
849,2011-08-24,86,2
850,2007-10-31,64,4
851,2014-06-19,17,3
852,2014-11-04,100,4
853,2008-11-28,78,3
854,2015-04-04,59,4
855,2011-05-08,64,4
856,2013-07-04,89,2
857,2012-08-21,17,3
858,2009-09-18,38,4
859,2015-12-02,40,2
860,2015-12-19,21,2
861,2015-03-22,66,2
862,2010-01-30,31,1
863,2015-03-21,98,4
864,2013-02-24,10,1
865,2014-11-27,37,1
866,2015-09-11,78,1
867,2015-10-31,66,3
868,2015-01-09,95,1
869,2014-12-08,43,1
870,2015-11-16,69,4
871,2012-12-14,63,4
872,2011-08-28,4,3
873,2013-02-05,57,4
874,2015-12-13,98,3
875,2013-08-26,13,2
876,2015-06-26,56,2
877,2010-10-18,57,1
878,2015-06-27,46,4
879,2011-02-14,45,1
880,2008-01-13,32,2
881,2015-09-06,61,3
882,2014-02-07,86,2
883,2007-02-01,70,2
884,2002-11-16,54,1
885,2011-12-07,33,4
886,2015-12-19,1,2
887,2014-03-30,24,4
888,2009-02-25,8,3
889,2015-05-27,22,2
890,2014-01-08,27,2
891,2012-11-21,17,4
892,2015-10-05,69,2
893,2009-07-19,54,1
894,2007-04-11,49,2
895,2011-06-24,78,1
896,2006-11-30,8,3
897,2015-01-21,81,1
898,2007-01-08,64,4
899,2015-10-20,69,3
900,2014-05-11,42,2
901,2012-10-03,20,4
902,2015-11-03,37,1
903,2012-07-30,45,1
904,2015-03-20,66,4
905,2012-07-26,89,1
906,2011-10-30,39,4
907,2015-09-04,55,2
908,2015-11-24,40,4
909,2014-04-03,63,4
910,2006-09-26,54,4
911,2015-05-24,97,4
912,2013-03-10,89,1
913,2012-01-19,80,2
914,2015-11-22,80,2
915,2013-09-24,6,2
916,2005-10-06,59,1
917,2015-10-09,31,4
918,2010-08-08,68,4
919,2011-03-29,18,4
920,2015-09-03,14,1
921,2009-11-20,89,4
922,2002-01-17,80,2
923,2011-05-02,68,1
924,2012-12-25,47,3
925,2013-05-01,22,2
926,2004-11-26,4,1
927,2008-07-04,48,2
928,2015-12-15,45,2
929,2011-12-07,39,2
930,2015-10-23,10,4
931,2011-09-29,65,4
932,2014-10-24,16,3
933,2005-07-03,39,1
934,2013-04-01,22,4
935,2003-07-16,26,3
936,2012-06-28,68,1
937,2012-12-01,92,1
938,2013-05-26,29,4
939,2011-01-28,10,1
940,2015-05-12,68,2
941,2007-07-05,85,2
942,2014-05-02,3,4
943,2010-05-25,93,2
944,2015-12-31,9,2
945,2015-06-06,55,3
946,2015-09-13,79,4
947,2007-02-16,18,4
948,2015-08-12,82,4
949,2009-09-16,45,3
950,2015-01-05,99,3
951,2009-04-20,61,2
952,2014-12-06,11,4
953,2015-07-17,89,2
954,2014-10-03,22,1
955,2015-06-11,92,3
956,2004-08-27,64,3
957,2010-12-22,46,2
958,2011-11-09,31,1
959,2013-05-20,16,1
960,2010-09-12,72,2
961,2009-04-18,78,1
962,2011-06-04,61,3
963,2010-05-30,2,3
964,2015-11-21,40,4
965,2010-06-14,19,4
966,2013-06-19,43,3
967,2005-08-17,4,4
968,2008-06-13,44,3
969,2015-07-17,55,1
970,2015-12-14,67,1
971,2015-10-29,63,4
972,2012-09-19,82,1
973,2015-12-08,74,2
974,2015-12-20,9,1
975,2015-08-09,44,1
976,2013-03-01,88,3
977,2015-07-05,61,4
978,2011-08-12,78,3
979,2012-10-12,21,2
980,2015-12-27,63,1
981,2011-11-21,34,1
982,2006-07-18,83,1
983,2014-04-23,22,4
984,2011-05-22,50,3
985,2015-12-11,40,1
986,2015-09-16,84,3
987,2012-05-14,86,3
988,2015-09-16,79,2
989,2008-06-21,41,1
990,2014-01-04,95,3
991,2011-01-21,61,3
992,2014-11-17,66,3
993,2010-09-05,88,1
994,2013-09-13,81,1
995,2013-11-23,94,2
996,2015-10-01,27,2
997,2014-12-04,70,2
998,2015-12-19,9,3
999,2009-08-08,32,1
1000,2009-07-01,94,1
1001,2014-10-04,42,3
1002,2015-11-27,34,1
1003,2013-02-21,22,3
1004,2007-05-26,83,3
1005,2012-07-04,91,3
1006,2012-12-31,83,4
1007,2013-08-16,52,1
1008,2006-04-08,57,2
1009,2015-06-07,75,1
1010,2013-06-29,38,3
1011,2014-11-23,41,4
1012,2014-09-23,24,2
1013,2008-08-16,27,2
1014,2015-06-21,75,2
1015,2014-12-08,81,4
1016,2011-06-22,12,3
1017,2003-11-01,23,1
1018,2014-12-06,27,1
1019,2012-02-12,54,2
1020,2014-12-29,5,3
1021,2015-12-23,100,1
1022,2006-05-08,24,3
1023,2015-05-25,60,4
1024,2008-11-03,43,2
1025,2015-11-19,13,1
1026,2015-05-23,21,1
1027,2014-02-06,95,3
1028,2015-12-11,1,1
1029,2005-12-31,53,4
1030,2015-05-28,28,2
1031,2015-07-26,1,2
1032,2005-11-01,48,3
1033,2015-11-01,85,3
1034,2013-06-17,33,2
1035,2013-11-24,62,3
1036,2013-09-07,58,2
1037,2012-02-29,68,4
1038,2008-06-06,50,2
1039,2014-05-08,86,4
1040,2010-03-29,33,4
1041,2014-02-03,32,2
1042,2012-05-21,27,3
1043,2009-07-20,51,1
1044,2012-07-20,87,4
1045,2008-09-28,48,3
1046,2014-05-06,8,3
1047,2015-12-22,9,3
1048,2009-09-07,37,4
1049,2015-01-04,53,2
1050,2008-08-17,87,3
1051,2014-01-17,95,3
1052,2015-03-10,66,1
1053,2014-04-15,3,4
1054,2015-08-25,85,4
1055,2015-11-19,69,3
1056,2007-12-06,30,3
1057,2013-10-28,27,3
1058,2014-10-20,6,3
1059,2012-03-23,53,4
1060,2005-11-04,61,2
1061,2015-09-29,96,3
1062,2013-11-01,91,1
1063,2014-12-04,52,2
1064,2012-09-03,76,1
1065,2012-01-10,27,1
1066,2008-09-26,81,1
1067,2005-06-15,88,3
1068,2011-11-20,24,3
1069,2015-10-17,40,2
1070,2013-12-18,53,1
1071,2011-03-22,81,3
1072,2006-08-25,23,4
1073,2015-06-25,97,1
1074,2015-07-12,36,2
1075,2015-12-27,74,2
1076,2008-12-26,4,4
1077,2015-12-23,24,4
1078,2004-05-01,93,1
1079,2014-09-25,95,2
1080,2015-08-09,36,4
1081,2014-03-31,11,1
1082,2003-07-10,80,1
1083,2008-11-10,38,1
1084,2012-07-01,13,4
1085,2015-11-08,69,3
1086,2007-09-04,2,3
1087,2015-12-30,75,1
1088,2006-08-14,24,3
1089,2014-12-01,83,1
1090,2009-09-28,80,2
1091,2013-07-12,13,1
1092,2015-08-14,36,2
1093,2009-06-09,78,2
1094,2015-06-25,63,3
1095,2011-01-25,37,1
1096,2003-11-25,26,4
1097,2014-06-24,41,1
1098,2013-08-28,34,4
1099,2015-12-04,60,3
1100,2015-12-02,69,4
1101,2008-09-24,4,2
1102,2008-08-15,53,1
1103,2015-01-22,34,2
1104,2015-05-17,60,4
1105,2015-04-28,38,2
1106,2015-08-10,10,4
1107,2015-05-28,95,3
1108,2007-07-03,49,3
1109,2013-09-06,44,3
1110,2012-07-22,48,4
1111,2012-10-02,46,3
1112,2006-04-09,46,1
1113,2012-01-15,33,1
1114,2011-03-09,65,2
1115,2010-02-06,6,1
1116,2007-09-18,71,2
1117,2014-03-12,3,2
1118,2015-06-27,5,1
1119,2012-06-13,19,3
1120,2001-06-22,80,2
1121,2014-04-25,88,4
1122,2014-10-26,10,1
1123,2013-02-23,91,3
1124,2015-06-23,62,4
1125,2006-08-09,19,2
1126,2004-11-13,35,3
1127,2015-09-07,47,1
1128,2007-10-25,71,1
1129,2008-09-30,58,4
1130,2010-03-30,87,2
1131,2015-10-17,29,2
1132,2006-01-10,80,4
1133,2014-05-07,16,2
1134,2013-04-11,58,2
1135,2012-10-10,41,3
1136,2013-11-07,16,1
1137,2015-03-13,66,2
1138,2013-01-24,84,3
1139,2009-11-15,94,3
1140,2015-07-07,75,1
1141,2009-12-22,88,4
1142,2014-04-28,78,3
1143,2009-04-25,99,2
1144,2010-02-17,58,3
1145,2015-10-29,74,1
1146,2007-09-08,26,3
1147,2010-07-27,32,3
1148,2009-01-09,19,2
1149,2005-06-14,72,4
1150,2015-04-15,56,3
1151,2015-06-27,60,1
1152,2009-08-13,88,3
1153,2015-05-30,56,2
1154,2011-06-12,13,4
1155,2015-12-30,7,4
1156,2011-01-07,62,4
1157,2011-02-27,41,1
1158,2008-09-14,93,4
1159,2012-09-24,11,2
1160,2005-03-07,59,3
1161,2015-04-09,3,1
1162,2007-06-11,93,2
1163,2007-01-21,88,2
1164,2014-11-07,62,3
1165,2015-12-22,67,4
1166,2012-08-29,83,2
1167,2011-10-20,61,4
1168,2015-11-25,75,2
1169,2015-04-18,2,4
1170,2004-12-14,39,3
1171,2011-01-19,78,4
1172,2015-03-28,85,4
1173,2015-08-21,7,3
1174,2008-06-22,26,4
1175,2005-09-13,46,3
1176,2015-12-28,9,2
1177,2015-02-07,31,2
1178,2011-11-26,73,2
1179,2010-10-29,84,2
1180,2015-08-12,62,3
1181,2014-01-18,65,1
1182,2014-09-08,43,1
1183,2015-12-24,67,4
1184,2011-11-29,41,2
1185,2003-08-23,8,2
1186,2014-02-23,32,4
1187,2013-06-07,28,4
1188,2015-12-17,9,3
1189,2010-02-27,78,3
1190,2015-08-07,82,1
1191,2011-06-28,84,3
1192,2011-07-25,37,4
1193,2012-02-03,48,3
1194,2009-08-24,76,1
1195,2014-05-08,80,4
1196,2012-05-06,86,3
1197,2013-08-17,18,1
1198,2015-09-21,77,4
1199,2010-03-21,27,1
1200,2010-06-07,20,1
1201,2015-11-26,30,4
1202,2012-07-12,11,1
1203,2015-03-12,44,3
1204,2015-05-05,5,1
1205,2011-02-28,33,1
1206,2012-01-15,78,4
1207,2012-10-10,58,2
1208,2004-07-14,83,1
1209,2013-11-21,15,3
1210,2014-07-14,84,4
1211,2013-12-14,61,3
1212,2013-04-08,96,1
1213,2008-09-26,2,4
1214,2015-05-21,28,2
1215,2006-08-06,24,3
1216,2015-04-05,42,1
1217,2013-12-27,15,3
1218,2015-12-05,40,4
1219,2011-10-27,78,2
1220,2009-01-13,26,1
1221,2008-04-19,70,1
1222,2012-11-24,21,4
1223,2006-09-06,35,3
1224,2014-03-01,90,3
1225,2010-09-13,72,3
1226,2015-11-24,71,4
1227,2001-10-04,26,3
1228,2014-10-13,81,2
1229,2004-07-19,49,4
1230,2014-11-20,92,1
1231,2014-05-06,83,4
1232,2015-05-04,79,2
1233,2014-01-14,33,1
1234,2014-11-08,15,2
1235,2015-06-05,75,2
1236,2015-03-10,36,2
1237,2011-09-09,32,2
1238,2013-06-03,87,3
1239,2013-06-23,48,4
1240,2015-12-27,67,4
1241,2015-04-03,59,4
1242,2007-12-22,27,3
1243,2015-11-14,100,4
1244,2002-12-01,93,3
1245,2008-10-25,70,4
1246,2013-11-07,57,3
1247,2011-06-12,34,2
1248,2011-04-15,45,4
1249,2008-02-24,58,4
1250,2009-09-28,41,1
1251,2007-01-03,18,3
1252,2015-08-31,66,1
1253,2014-08-05,42,2
1254,2005-02-11,88,3
1255,2012-07-15,8,4
1256,2014-09-03,18,3
1257,2013-02-21,96,3
1258,2015-06-13,79,4
1259,2003-11-01,58,1
1260,2005-07-10,59,2
1261,2012-10-15,11,4
1262,2003-07-30,35,3
1263,2012-07-15,28,2
1264,2015-12-12,42,4
1265,2015-03-11,36,2
1266,2015-06-24,100,3
1267,2006-11-09,44,3
1268,2015-06-27,5,3
1269,2011-06-24,34,1
1270,2015-02-23,60,4
1271,2014-02-17,16,1
1272,2014-12-27,34,1
1273,2015-06-02,15,2
1274,2015-11-18,95,2
1275,2015-12-01,40,4
1276,2015-09-26,92,1
1277,2011-08-30,6,1
1278,2011-04-01,86,3
1279,2012-10-20,6,4
1280,2003-10-16,26,3
1281,2015-07-15,5,2
1282,2015-12-01,90,3
1283,2015-07-24,12,4
1284,2015-01-19,45,1
1285,2015-11-27,74,3
1286,2012-11-06,39,4
1287,2004-03-07,19,4
1288,2013-02-04,64,1
1289,2015-08-05,60,1
1290,2009-07-12,20,4
1291,2007-09-06,71,2
1292,2011-08-31,87,2
1293,2015-12-27,56,1
1294,2013-05-20,26,2
1295,2009-09-26,71,1
1296,2015-12-05,66,3
1297,2013-07-26,6,1
1298,2006-02-14,30,3
1299,2009-09-19,27,3
1300,2008-04-15,85,1
1301,2013-07-04,15,3
1302,2013-12-20,2,2
1303,2010-04-24,85,2
1304,2011-04-02,84,1
1305,2010-11-10,78,2
1306,2013-03-01,92,3
1307,2011-09-08,58,4
1308,2009-09-12,73,4
1309,2014-12-24,10,1
1310,2008-11-30,24,3
1311,2011-10-03,80,4
1312,2015-07-25,66,4
1313,2012-01-27,43,4
1314,2011-04-03,84,1
1315,2015-12-08,36,4
1316,2015-10-20,98,1
1317,2012-04-09,10,3
1318,2009-08-17,44,2
1319,2009-02-10,59,1
1320,2012-06-26,17,1
1321,2006-01-26,35,3
1322,2015-10-01,57,3
1323,2006-10-13,30,4
1324,2012-01-04,78,2
1325,2012-03-03,18,4
1326,2009-04-19,59,2
1327,2015-05-24,55,4
1328,2005-09-06,38,1
1329,2013-11-08,28,1
1330,2010-01-01,64,1
1331,2015-11-21,75,2
1332,2011-01-15,20,2
1333,2015-12-20,9,2
1334,2010-11-26,76,1
1335,2010-03-05,72,2
1336,2010-06-04,84,1
1337,2012-08-02,21,4
1338,2011-07-10,41,1
1339,2014-11-26,58,4
1340,2015-03-12,13,2
1341,2011-10-20,45,4
1342,2010-12-14,27,3
1343,2007-07-20,91,2
1344,2013-06-14,85,3
1345,2013-05-19,33,3
1346,2011-07-21,99,2
1347,2014-07-04,33,1
1348,2012-06-19,34,4
1349,2010-12-05,41,2
1350,2015-10-12,69,2
1351,2014-03-01,16,4
1352,2015-12-16,56,4
1353,2015-06-08,82,2
1354,2008-07-06,38,3
1355,2015-06-02,99,1
1356,2007-04-14,44,2
1357,2015-03-07,3,2
1358,2015-12-04,40,3
1359,2013-10-21,81,3
1360,2015-12-17,40,1
1361,2015-10-20,74,2
1362,2015-11-08,75,4
1363,2014-04-19,65,1
1364,2013-03-24,29,1
1365,2004-08-31,54,4
1366,2011-12-08,32,4
1367,2006-08-27,48,2
1368,2014-01-04,95,3
1369,2010-07-06,88,3
1370,2015-12-05,99,1
1371,2015-12-29,72,3
1372,2014-06-18,24,2
1373,2002-08-27,80,1
1374,2011-12-25,62,3
1375,2011-02-18,72,3
1376,2014-01-02,55,2
1377,2013-12-17,6,4
1378,2015-03-31,2,1
1379,2011-09-09,32,3
1380,2008-01-07,64,2
1381,2014-03-04,51,1
1382,2013-01-02,82,1
1383,2012-09-25,47,2
1384,2014-08-09,87,2
1385,2009-01-05,80,2
1386,2014-10-30,41,1
1387,2013-02-23,29,3
1388,2010-03-10,64,3
1389,2014-06-15,11,4
1390,2015-03-28,30,4
1391,2015-12-16,9,1
1392,2011-07-09,45,4
1393,2012-12-28,47,2
1394,2010-09-05,43,2
1395,2014-05-22,37,2
1396,2007-04-09,53,2
1397,2011-03-06,30,4
1398,2008-09-12,76,2
1399,2013-09-14,94,3
1400,2014-11-22,84,4
1401,2012-06-25,2,4
1402,2010-09-21,94,1
1403,2008-08-07,87,4
1404,2010-08-01,6,2
1405,2015-11-14,74,3
1406,2012-09-30,34,4
1407,2010-08-31,86,1
1408,2014-06-18,55,1
1409,2015-07-03,55,3
1410,2015-10-17,22,1
1411,2011-01-21,84,2
1412,2012-06-14,42,4
1413,2012-12-01,22,4
1414,2014-10-22,72,1
1415,2012-02-08,20,3
1416,2013-11-19,55,2
1417,2014-06-29,62,4
1418,2014-12-11,36,1
1419,2005-03-26,49,2
1420,2015-10-01,55,2
1421,2003-12-30,48,2
1422,2015-09-18,52,1
1423,2012-04-23,62,3
1424,2015-06-06,56,3
1425,2012-12-20,96,1
1426,2014-12-20,3,1
1427,2011-02-27,26,3
1428,2010-03-20,23,4
1429,2013-06-19,38,3
1430,2011-09-15,84,2
1431,2007-08-07,70,4
1432,2005-12-13,76,1
1433,2012-02-09,32,2
1434,2007-06-12,57,1
1435,2009-01-16,71,1
1436,2001-02-03,46,3
1437,2005-08-12,80,3
1438,2008-02-18,71,2
1439,2015-06-13,63,3
1440,2014-11-04,65,1
1441,2015-08-03,60,4
1442,2005-10-13,82,1
1443,2011-10-20,6,2
1444,2013-06-20,49,1
1445,2009-04-15,4,4
1446,2015-09-22,79,3
1447,2005-09-22,23,4
1448,2015-02-06,15,2
1449,2007-03-06,72,3
1450,2015-11-22,7,1
1451,2014-12-27,34,2
1452,2012-11-19,68,1
1453,2012-08-29,15,2
1454,2015-11-23,3,1
1455,2015-01-26,97,3
1456,2012-12-25,70,2
1457,2011-11-22,68,4
1458,2009-03-14,64,4
1459,2013-05-09,73,2
1460,2014-06-30,52,2
1461,2012-09-22,6,1
1462,2012-09-01,49,1
1463,2012-03-06,51,1
1464,2011-12-22,99,1
1465,2008-07-03,85,3
1466,2013-11-12,33,2
1467,2007-11-26,13,1
1468,2014-12-12,45,4
1469,2002-04-13,54,2
1470,2012-04-28,80,1
1471,2015-10-28,40,4
1472,2012-04-17,99,4
1473,2015-02-19,33,4
1474,2010-03-30,43,4
1475,2013-04-20,42,3
1476,2008-08-31,80,4
1477,2014-02-23,89,3
1478,2007-08-15,70,4
1479,2010-06-30,71,2
1480,2007-08-07,53,2
1481,2015-10-09,69,1
1482,2007-09-23,39,4
1483,2011-07-25,81,2
1484,2015-11-10,40,2
1485,2014-05-17,3,3
1486,2015-02-24,98,2
1487,2010-07-09,37,3
1488,2015-08-02,3,3
1489,2014-11-07,97,1
1490,2015-06-03,81,4
1491,2012-03-20,29,1
1492,2015-12-05,60,1
1493,2015-01-18,97,3
1494,2013-11-14,15,1
1495,2009-04-09,78,3
1496,2015-11-16,40,2
1497,2014-11-05,86,2
1498,2015-03-26,98,2
1499,2010-07-07,33,1
1500,2008-03-01,50,1
1501,2014-08-14,47,3
1502,2010-12-03,2,2
1503,2008-04-06,48,4
1504,2008-05-18,51,1
1505,2014-05-12,89,1
1506,2015-10-21,69,2
1507,2012-12-15,31,4
1508,2008-07-13,93,3
1509,2005-03-18,18,4
1510,2015-11-16,66,2
1511,2012-03-05,93,1
1512,2012-08-21,45,1
1513,2011-02-10,18,1
1514,2013-02-06,20,1
1515,2015-09-18,38,1
1516,2015-07-15,55,2
1517,2015-12-13,98,2
1518,2014-06-28,3,3
1519,2015-10-11,63,4
1520,2004-07-04,18,2
1521,2012-09-18,96,4
1522,2014-11-09,99,1
1523,2014-05-22,44,1
1524,2013-04-25,94,4
1525,2015-07-28,36,1
1526,2005-11-09,49,1
1527,2006-12-22,19,3
1528,2015-12-02,40,2
1529,2015-02-05,3,4
1530,2012-07-06,87,4
1531,2008-01-22,99,3
1532,2014-07-13,54,4
1533,2014-10-07,84,1
1534,2015-12-28,92,4
1535,2015-12-20,9,4
1536,2015-09-04,81,4
1537,2007-10-21,12,1
1538,2014-05-29,83,4
1539,2008-08-24,94,2
1540,2007-12-27,13,3
1541,2012-06-27,23,4
1542,2014-06-01,39,2
1543,2015-09-30,72,3
1544,2010-10-12,61,3
1545,2015-05-04,14,1
1546,2005-09-11,46,4
1547,2015-09-27,56,2
1548,2006-11-22,24,2
1549,2014-02-28,65,3
1550,2014-12-29,95,3
1551,2007-10-02,71,1
1552,2009-01-30,32,2
1553,2015-10-14,56,2
1554,2007-06-05,2,2
1555,2010-06-05,91,1
1556,2006-11-13,43,4
1557,2012-08-19,47,1
1558,2013-10-18,48,1
1559,2014-07-23,81,1
1560,2014-11-09,11,2
1561,2014-07-11,55,4
1562,2015-09-11,93,2
1563,2007-11-16,50,2
1564,2014-03-03,49,2
1565,2015-08-22,16,2
1566,2010-09-08,59,2
1567,2015-06-22,99,2
1568,2014-10-31,31,3
1569,2015-08-30,47,1
1570,2015-01-18,70,3
1571,2015-10-31,75,1
1572,2015-11-29,75,1
1573,2015-04-21,56,3
1574,2015-02-22,44,3
1575,2013-11-23,45,1
1576,2015-10-07,74,2
1577,2014-02-17,46,2
1578,2014-11-20,48,1
1579,2006-11-22,8,3
1580,2013-09-28,28,3
1581,2015-12-11,67,3
1582,2008-05-16,89,4
1583,2015-08-29,45,2
1584,2009-11-21,73,3
1585,2007-09-22,19,1
1586,2015-09-28,77,3
1587,2011-06-13,89,4
1588,2015-12-23,67,1
1589,2008-10-08,49,4
1590,2015-08-18,92,4
1591,2010-11-12,61,1
1592,2014-11-01,52,4
1593,2006-12-27,99,4
1594,2013-10-15,59,2
1595,2015-07-24,55,2
1596,2012-02-01,2,2
1597,2015-09-13,1,2
1598,2013-11-01,11,2
1599,2015-10-06,79,4
1600,2015-06-26,66,4
1601,2011-06-29,38,2
1602,2008-02-05,2,1
1603,2013-01-15,53,4
1604,2012-02-10,84,2
1605,2005-09-14,12,3
1606,2011-09-09,18,1
1607,2012-07-05,20,3
1608,2009-04-25,59,4
1609,2012-06-24,2,3
1610,2009-04-22,83,4
1611,2012-12-24,2,4
1612,2013-04-10,15,3
1613,2015-07-19,73,1
1614,2006-04-24,99,3
1615,2010-09-21,84,3
1616,2006-01-24,48,4
1617,2009-10-07,2,2
1618,2002-09-30,93,4
1619,2015-11-17,48,3
1620,2011-03-05,37,4
1621,2015-06-22,79,2
1622,2009-07-03,20,3
1623,2012-07-27,26,4
1624,2003-03-30,8,2
1625,2015-11-08,71,3
1626,2013-05-08,62,2
1627,2012-11-16,49,4
1628,2015-02-09,86,1
1629,2014-10-09,4,4
1630,2014-01-29,16,2
1631,2014-11-26,25,2
1632,2013-11-10,33,4
1633,2015-12-10,49,2
1634,2015-08-16,14,2
1635,2013-03-08,65,3
1636,2015-12-08,95,2
1637,2011-09-01,31,3
1638,2013-10-24,77,1
1639,2007-04-16,12,2
1640,2011-12-28,26,4
1641,2014-12-31,98,1
1642,2015-09-22,74,2
1643,2013-11-18,73,1
1644,2012-04-18,20,1
1645,2015-07-23,63,4
1646,2015-12-20,9,3
1647,2012-11-06,52,1
1648,2013-01-26,86,1
1649,2009-04-10,44,3
1650,2012-07-03,85,2
1651,2015-10-29,60,2
1652,2015-09-23,98,1
1653,2014-08-26,5,2
1654,2013-12-13,65,4
1655,2006-02-11,93,2
1656,2014-08-16,90,3
1657,2014-04-23,54,2
1658,2012-05-23,26,2
1659,2015-03-22,17,3
1660,2015-02-25,28,4
1661,2008-09-01,24,1
1662,2008-11-06,89,1
1663,2009-08-12,89,2
1664,2014-08-02,30,3
1665,2013-09-02,83,2
1666,2014-02-17,63,4
1667,2014-06-07,30,3
1668,2013-06-27,45,4
1669,2014-11-05,95,1
1670,2014-04-07,28,2
1671,2015-09-18,74,2
1672,2013-10-12,76,1
1673,2013-09-20,17,1
1674,2015-09-22,74,2
1675,2002-09-04,30,3
1676,2015-12-04,40,4
1677,2015-10-03,96,4
1678,2014-10-28,5,3
1679,2002-07-22,30,3
1680,2014-05-30,82,3
1681,2014-04-16,10,4
1682,2015-10-16,66,1
1683,2015-04-08,26,3
1684,2010-11-28,33,1
1685,2015-11-03,66,1
1686,2004-05-05,46,1
1687,2004-08-18,82,1
1688,2015-05-14,75,4
1689,2006-10-19,85,2
1690,2013-09-21,78,1
1691,2015-12-18,11,2
1692,2013-08-04,18,3
1693,2013-12-31,11,1
1694,2010-07-06,62,4
1695,2015-05-11,98,2
1696,2005-04-12,26,2
1697,2015-03-31,17,2
1698,2015-03-24,12,1
1699,2015-12-25,9,4
1700,2012-05-19,10,1
1701,2003-11-16,54,2
1702,2015-12-14,60,4
1703,2013-07-26,53,1
1704,2015-09-26,32,4
1705,2013-02-17,63,2
1706,2015-04-03,42,4
1707,2015-06-02,24,4
1708,2015-11-16,22,1
1709,2014-10-01,5,4
1710,2014-05-04,13,3
1711,2008-05-31,38,2
1712,2015-03-30,5,4
1713,2009-11-05,51,2
1714,2001-06-18,80,1
1715,2011-03-27,78,2
1716,2013-12-20,96,3
1717,2008-08-27,31,4
1718,2015-07-31,36,3
1719,2015-07-26,60,4
1720,2009-03-14,51,4
1721,2008-03-10,48,4
1722,2009-02-12,43,2
1723,2010-11-06,54,4
1724,2015-03-09,77,2
1725,2012-12-01,6,2
1726,2015-02-19,4,4
1727,2012-11-06,96,2
1728,2015-04-05,60,2
1729,2014-08-19,50,2
1730,2012-11-24,34,4
1731,2010-04-11,2,3
1732,2015-03-23,6,3
1733,2015-06-06,56,3
1734,2010-06-14,68,1
1735,2015-01-06,66,2
1736,2013-03-13,63,2
1737,2015-09-09,74,1
1738,2015-03-09,80,3
1739,2015-09-16,64,1
1740,2015-11-20,75,3
1741,2010-07-07,81,4
1742,2013-02-09,13,2
1743,2015-09-14,16,1
1744,2015-11-12,79,4
1745,2009-08-15,45,2
1746,2014-07-14,86,2
1747,2013-12-12,16,3
1748,2008-10-28,48,3
1749,2013-10-14,47,1
1750,2009-05-20,27,2
1751,2012-05-30,92,1
1752,2015-12-23,25,3
1753,2015-02-23,14,4
1754,2013-07-27,73,1
1755,2014-03-31,91,2
1756,2006-08-02,48,2
1757,2010-11-14,8,4
1758,2015-12-24,67,4
1759,2015-12-01,69,1
1760,2010-01-26,45,2
1761,2007-12-02,23,2
1762,2007-11-09,61,1
1763,2004-11-18,72,1
1764,2015-09-04,68,2
1765,2008-08-31,35,4
1766,2013-10-30,21,4
1767,2012-11-24,65,4
1768,2013-09-20,77,3
1769,2012-10-14,92,1
1770,2008-03-07,78,1
1771,2011-12-31,6,1
1772,2014-05-27,71,2
1773,2002-05-21,93,1
1774,2011-09-14,2,4
1775,2008-07-25,19,3
1776,2009-06-11,59,1
1777,2011-09-27,29,2
1778,2014-12-24,97,3
1779,2013-10-17,63,1
1780,2008-04-22,24,3
1781,2009-08-31,27,1
1782,2015-08-10,14,2
1783,2015-07-02,97,3
1784,2014-02-19,62,2
1785,2015-08-28,47,4
1786,2015-04-15,11,4
1787,2015-06-29,1,3
1788,2010-09-20,33,3
1789,2015-09-24,18,3
1790,2013-04-22,71,2
1791,2014-05-30,55,2
1792,2010-03-25,33,4
1793,2010-12-03,24,3
1794,2015-12-28,56,1
1795,2012-09-11,32,2
1796,2006-05-01,44,2
1797,2010-02-23,24,2
1798,2015-05-18,75,2
1799,2006-07-15,85,4
1800,2008-10-12,85,4
1801,2012-02-22,61,2
1802,2010-07-26,24,4
1803,2014-10-21,53,2
1804,2010-10-20,33,2
1805,2012-06-20,49,1
1806,2014-07-10,84,2
1807,2015-04-21,68,3
1808,2013-01-27,34,2
1809,2014-07-30,62,3
1810,2014-02-07,73,3
1811,2010-04-11,32,1
1812,2014-02-07,90,3
1813,2012-11-10,31,1
1814,2010-05-14,2,4
1815,2015-05-06,17,1
1816,2014-05-12,62,1
1817,2015-10-07,33,1
1818,2004-03-20,49,2
1819,2015-05-29,41,2
1820,2004-10-23,8,2
1821,2005-05-03,91,3
1822,2006-06-20,39,4
1823,2012-06-14,42,4
1824,2012-12-05,39,1
1825,2013-09-10,92,3
1826,2014-12-06,52,3
1827,2010-10-13,89,4
1828,2012-03-01,84,2
1829,2007-01-08,70,2
1830,2015-10-11,41,1
1831,2011-07-24,99,4
1832,2013-09-22,16,1
1833,2015-03-01,26,1
1834,2015-09-07,87,3
1835,2005-08-26,18,1
1836,2014-08-24,22,1
1837,2015-12-18,40,4
1838,2014-05-05,47,3
1839,2014-03-11,34,1
1840,2008-08-20,35,1
1841,2007-07-19,82,3
1842,2010-08-06,53,4
1843,2015-05-12,98,3
1844,2012-05-12,34,3
1845,2012-10-12,10,4
1846,2015-04-20,55,2
1847,2010-06-11,57,3
1848,2011-11-17,64,1
1849,2015-05-23,2,1
1850,2012-05-24,73,3
1851,2010-10-14,23,4
1852,2015-02-02,95,1
1853,2013-02-28,4,3
1854,2014-05-17,44,4
1855,2006-02-18,23,3
1856,2013-08-25,92,1
1857,2012-07-09,4,3
1858,2011-10-20,89,2
1859,2013-12-10,49,1
1860,2003-09-14,58,1
1861,2015-06-04,15,2
1862,2015-09-28,40,3
1863,2015-01-01,87,3
1864,2008-11-27,49,1
1865,2007-08-20,91,2
1866,2010-09-20,91,1
1867,2014-01-02,45,4
1868,2014-05-27,90,2
1869,2015-12-18,35,3
1870,2009-11-29,94,3
1871,2005-11-13,54,4
1872,2014-11-15,15,4
1873,2014-11-01,46,1
1874,2011-03-08,10,3
1875,2014-01-15,42,2
1876,2015-12-22,5,3
1877,2010-11-11,81,1
1878,2010-07-05,68,3
1879,2011-11-14,84,1
1880,2014-11-03,65,4
1881,2002-10-28,30,4
1882,2014-03-03,37,1
1883,2015-02-05,31,1
1884,2009-10-14,91,3
1885,2010-10-13,29,1
1886,2015-01-13,77,4
1887,2013-08-15,94,4
1888,2011-05-21,35,2
1889,2015-10-01,39,1
1890,2003-07-02,30,1
1891,2015-10-15,41,1
1892,2002-09-10,26,4
1893,2012-09-06,92,4
1894,2015-01-01,95,1
1895,2011-12-19,48,2
1896,2011-07-23,65,3
1897,2015-06-11,3,3
1898,2002-08-29,19,2
1899,2015-08-16,97,1
1900,2007-01-06,44,4
1901,2006-07-30,82,2
1902,2011-03-12,33,1
1903,2015-11-19,36,3
1904,2014-02-22,22,3
1905,2011-03-31,13,3
1906,2009-08-28,8,2
1907,2006-06-20,51,1
1908,2014-08-25,63,3
1909,2013-11-01,95,1
1910,2012-08-04,10,3
1911,2009-11-11,32,4
1912,2004-12-14,88,1
1913,2008-05-28,94,1
1914,2012-02-28,86,3
1915,2012-05-24,84,2
1916,2011-02-01,71,2
1917,2015-11-13,74,1
1918,2004-06-13,23,4
1919,2014-03-08,47,3
1920,2012-07-10,89,2
1921,2005-08-26,54,2
1922,2005-10-04,76,2
1923,2007-02-22,4,3
1924,2013-02-23,33,3
1925,2012-11-14,76,3
1926,2014-06-10,55,1
1927,2015-12-22,67,2
1928,2010-02-11,44,3
1929,2005-04-23,35,4
1930,2006-09-18,80,4
1931,2015-12-31,7,4
1932,2011-01-25,73,2
1933,2014-08-20,92,4
1934,2013-11-12,94,3
1935,2014-12-17,55,1
1936,2015-10-07,60,2
1937,2015-04-05,56,1
1938,2015-07-25,98,4
1939,2013-09-26,87,2
1940,2015-09-15,56,3
1941,2014-08-31,25,2
1942,2013-06-20,20,3
1943,2013-12-28,22,2
1944,2007-10-30,26,3
1945,2013-10-08,90,4
1946,2015-04-08,3,2
1947,2014-09-20,14,2
1948,2010-04-10,89,3
1949,2015-09-12,42,1
1950,2014-11-27,90,3
1951,2015-01-15,93,3
1952,2014-04-04,86,4
1953,2013-07-10,17,1
1954,2015-07-12,50,3
1955,2015-06-11,72,1
1956,2014-05-31,51,2
1957,2007-03-06,12,4
1958,2011-08-31,20,4
1959,2009-02-08,48,2
1960,2013-10-16,90,4
1961,2014-07-05,47,2
1962,2015-12-04,74,2
1963,2015-01-16,34,2
1964,2013-04-10,92,4
1965,2014-02-07,10,4
1966,2008-07-26,83,4
1967,2006-06-07,88,3
1968,2015-05-04,36,1
1969,2015-05-08,26,1
1970,2010-12-04,76,1
1971,2014-11-22,55,4
1972,2015-09-29,95,3
1973,2013-08-11,63,3
1974,2014-11-25,3,4
1975,2008-05-16,61,3
1976,2010-04-17,43,2
1977,2015-09-26,74,1
1978,2015-12-18,13,1
1979,2013-11-27,18,1
1980,2014-03-16,54,4
1981,2012-09-14,93,3
1982,2013-09-14,17,4
1983,2015-02-16,25,4
1984,2015-12-22,9,4
1985,2015-09-28,56,1
1986,2007-08-16,49,4
1987,2015-02-12,98,1
1988,2011-02-14,91,3
1989,2015-09-21,35,3
1990,2010-06-10,30,3
1991,2015-01-27,86,4
1992,2015-08-05,14,1
1993,2014-11-26,34,3
1994,2012-06-29,28,4
1995,2013-03-19,43,4
1996,2013-11-28,90,3
1997,2013-05-31,28,3
1998,2007-11-15,24,1
1999,2013-10-07,83,4
2000,2014-12-30,46,4
2001,2010-11-20,81,1
2002,2007-12-21,72,3
2003,2013-07-22,50,2
2004,2015-08-19,1,4
2005,2008-08-28,41,2
2006,2015-12-27,75,1
2007,2013-02-05,22,1
2008,2004-10-31,30,1
2009,2015-09-04,97,3
2010,2014-01-21,51,2
2011,2015-06-30,52,3
2012,2015-02-27,17,4
2013,2015-05-24,17,2
2014,2012-09-30,37,3
2015,2013-03-20,70,2
2016,2012-10-20,47,4
2017,2015-10-26,66,1
2018,2009-07-29,89,3
2019,2008-09-29,57,2
2020,2013-09-04,34,4
2021,2014-02-21,71,3
2022,2014-07-04,72,1
2023,2015-11-21,5,1
2024,2014-06-06,24,1
2025,2014-09-11,17,3
2026,2014-08-14,3,1
2027,2013-06-03,90,4
2028,2015-07-31,47,4
2029,2012-04-03,77,1
2030,2012-09-29,50,2
2031,2015-09-19,7,3
2032,2015-02-13,100,3
2033,2015-12-25,74,2
2034,2011-04-24,76,4
2035,2007-10-24,58,3
2036,2007-06-01,57,1
2037,2015-10-07,90,3
2038,2005-05-05,23,2
2039,2014-03-17,16,4
2040,2013-07-26,44,3
2041,2011-01-14,68,2
2042,2013-12-15,42,2
2043,2015-11-21,56,1
2044,2015-12-11,7,3
2045,2014-01-05,84,3
2046,2013-06-09,49,3
2047,2009-08-11,73,1
2048,2015-08-19,60,1
2049,2012-08-25,91,1
2050,2014-03-14,89,4
2051,2007-03-21,50,2
2052,2015-03-26,60,3
2053,2015-05-08,41,4
2054,2014-01-07,42,4
2055,2010-02-17,35,1
2056,2003-10-16,93,4
2057,2005-11-03,76,1
2058,2015-03-09,98,1
2059,2014-04-28,70,4
2060,2014-10-25,14,3
2061,2015-12-16,9,4
2062,2015-12-29,9,3
2063,2006-02-09,4,1
2064,2015-06-24,79,2
2065,2015-02-16,20,2
2066,2014-09-10,52,2
2067,2015-03-19,20,3
2068,2011-09-05,32,4
2069,2010-12-11,46,2
2070,2009-05-07,20,1
2071,2015-01-17,13,3
2072,2010-10-01,84,2
2073,2014-01-31,22,4
2074,2014-07-20,90,3
2075,2008-06-30,81,3
2076,2015-10-04,52,1
2077,2013-05-21,38,2
2078,2010-12-22,6,3
2079,2005-06-21,85,1
2080,2006-01-29,59,4
2081,2015-08-15,100,4
2082,2012-11-06,46,4
2083,2003-08-24,80,4
2084,2015-11-15,52,2
2085,2014-10-11,28,1
2086,2014-02-26,29,1
2087,2015-10-01,74,1
2088,2009-11-01,65,1
2089,2015-11-14,98,4
2090,2014-12-14,26,4
2091,2013-05-11,28,2
2092,2014-08-12,96,4
2093,2003-03-02,82,1
2094,2011-09-30,37,2
2095,2014-11-11,16,3
2096,2014-08-19,38,3
2097,2015-08-02,97,4
2098,2013-09-20,42,2
2099,2014-11-04,11,1
2100,2015-02-19,2,1
2101,2012-08-29,42,4
2102,2010-02-09,82,1
2103,2006-04-21,18,4
2104,2013-09-07,52,3
2105,2015-07-03,60,2
2106,2006-03-10,91,4
2107,2015-08-23,36,2
2108,2008-04-02,91,1
2109,2010-07-01,20,2
2110,2013-07-30,16,4
2111,2002-08-20,8,1
2112,2015-07-08,49,3
2113,2014-12-19,97,2
2114,2011-11-17,84,1
2115,2012-11-08,24,4
2116,2008-11-11,59,3
2117,2011-10-24,62,3
2118,2005-10-18,49,4
2119,2008-03-21,2,3
2120,2013-11-17,48,3
2121,2012-06-21,4,2
2122,2015-07-16,3,3
2123,2014-09-04,84,2
2124,2010-05-29,65,2
2125,2015-03-28,98,1
2126,2011-08-09,29,4
2127,2015-12-31,9,2
2128,2015-06-26,79,3
2129,2013-07-29,90,1
2130,2014-12-16,52,4
2131,2004-06-18,76,1
2132,2013-02-27,2,3
2133,2011-06-06,62,3
2134,2015-10-18,28,2
2135,2015-06-06,82,3
2136,2015-12-31,9,4
2137,2010-10-27,81,2
2138,2015-12-11,88,1
2139,2015-12-22,88,1
2140,2010-04-07,65,1
2141,2015-11-17,90,4
2142,2012-11-21,2,2
2143,2015-12-29,7,2
2144,2009-06-03,81,2
2145,2015-07-17,66,3
2146,2010-02-10,6,4
2147,2015-08-03,98,1
2148,2015-10-26,69,4
2149,2006-04-11,8,3
2150,2012-03-06,6,3
2151,2012-05-09,65,3
2152,2015-11-30,1,4
2153,2014-06-12,53,4
2154,2015-10-14,40,2
2155,2015-12-10,69,4
2156,2013-03-06,16,3
2157,2012-01-08,73,2
2158,2011-03-09,45,2
2159,2008-07-23,71,2
2160,2015-09-03,95,1
2161,2015-03-26,22,4
2162,2012-04-05,34,4
2163,2010-07-21,83,4
2164,2010-09-20,81,2
2165,2004-01-28,82,2
2166,2003-10-26,83,3
2167,2010-08-01,51,4
2168,2004-01-22,54,1
2169,2015-04-20,3,3
2170,2012-07-24,13,3
2171,2006-10-03,82,2
2172,2014-08-30,5,1
2173,2011-08-20,72,2
2174,2009-05-31,89,2
2175,2015-05-03,1,1
2176,2013-07-17,72,2
2177,2002-05-12,58,3
2178,2012-10-19,29,2
2179,2014-11-12,90,1
2180,2009-09-11,41,1
2181,2012-03-05,29,4
2182,2015-08-26,99,4
2183,2015-12-24,56,1
2184,2008-09-17,49,4
2185,2014-06-01,6,2
2186,2009-12-28,58,2
2187,2006-09-20,76,1
2188,2015-07-15,98,4
2189,2011-07-09,53,2
2190,2013-05-10,63,2
2191,2005-07-06,76,1
2192,2015-04-15,5,3
2193,2015-09-19,66,2
2194,2006-01-28,41,2
2195,2014-11-24,43,3
2196,2015-10-22,66,3
2197,2006-09-07,93,2
2198,2012-12-10,58,2
2199,2014-09-29,41,1
2200,2015-11-15,61,4
2201,2007-06-12,71,4
2202,2014-03-16,76,4
2203,2013-03-16,22,4
2204,2008-10-12,53,3
2205,2011-08-31,53,2
2206,2013-11-04,21,1
2207,2015-05-25,28,2
2208,2001-09-28,26,3
2209,2009-09-30,70,4
2210,2009-07-29,48,3
2211,2011-10-12,11,3
2212,2006-09-04,64,4
2213,2014-06-05,50,2
2214,2008-04-12,57,2
2215,2008-09-04,26,2
2216,2006-08-23,43,3
2217,2010-02-10,59,2
2218,2014-05-25,65,2
2219,2010-01-21,20,2
2220,2008-02-29,2,4
2221,2014-04-22,95,2
2222,2015-09-27,40,2
2223,2009-10-20,38,3
2224,2010-07-26,78,2
2225,2012-04-21,57,3
2226,2006-10-11,41,1
2227,2013-01-23,29,2
2228,2013-05-08,42,3
2229,2005-07-13,8,2
2230,2008-03-10,70,1
2231,2006-05-24,82,3
2232,2008-01-01,39,3
2233,2007-08-28,48,2
2234,2011-08-14,11,2
2235,2015-12-17,67,2
2236,2015-03-08,66,1
2237,2007-11-01,49,2
2238,2011-03-07,81,2
2239,2015-06-12,13,1
2240,2011-11-02,86,2
2241,2015-01-13,97,1
2242,2014-04-15,96,4
2243,2015-12-07,97,2
2244,2013-12-07,61,4
2245,2011-06-03,86,4
2246,2015-06-18,79,2
2247,2012-11-17,49,4
2248,2007-02-09,4,4
2249,2014-04-09,15,3
2250,2015-05-02,36,3
2251,2011-02-18,62,3
2252,2013-05-23,21,3
2253,2013-04-27,22,3
2254,2009-06-11,59,3
2255,2009-06-21,53,1
2256,2012-11-08,46,3
2257,2014-07-24,25,3
2258,2011-09-05,45,1
2259,2010-01-04,72,3
2260,2008-06-20,53,4
2261,2014-03-14,22,1
2262,2013-10-19,63,4
2263,2013-01-17,52,2
2264,2007-12-24,27,1
2265,2014-02-05,12,3
2266,2013-10-13,6,1
2267,2009-06-27,78,2
2268,2003-08-22,19,4
2269,2015-09-24,90,3
2270,2012-04-17,94,3
2271,2010-08-22,27,3
2272,2015-10-03,37,1
2273,2015-12-15,40,3
2274,2015-08-18,97,2
2275,2012-12-26,38,4
2276,2015-11-01,17,3
2277,2013-03-27,47,4
2278,2013-07-21,34,1
2279,2008-07-06,2,4
2280,2015-10-24,60,2
2281,2013-07-15,11,1
2282,2011-08-20,64,4
2283,2015-08-05,98,3
2284,2015-11-04,7,3
2285,2007-01-12,24,3
2286,2008-09-10,58,2
2287,2006-03-11,46,4
2288,2015-11-05,40,3
2289,2006-07-14,35,1
2290,2015-06-15,94,1
2291,2009-03-03,61,1
2292,2015-11-28,50,1
2293,2012-10-14,92,3
2294,2012-08-12,88,4
2295,2015-04-12,95,3
2296,2009-10-16,38,3
2297,2015-05-22,52,1
2298,2006-01-21,82,3
2299,2015-01-12,90,4
2300,2015-10-03,90,3
2301,2011-05-14,49,3
2302,2014-07-26,3,2
2303,2008-10-06,59,1
2304,2015-02-08,11,3
2305,2014-01-31,31,3
2306,2015-10-28,34,2
2307,2014-02-06,47,1
2308,2014-07-22,16,3
2309,2013-03-25,30,3
2310,2015-04-19,34,1
2311,2014-04-19,52,2
2312,2005-09-22,54,1
2313,2015-03-02,50,3
2314,2015-10-24,25,2
2315,2009-10-16,99,2
2316,2013-11-04,51,2
2317,2008-12-20,38,3
2318,2014-06-27,42,4
2319,2014-12-19,21,2
2320,2014-12-29,45,1
2321,2015-02-07,94,2
2322,2012-07-25,64,3
2323,2005-12-27,8,3
2324,2013-02-05,62,2
2325,2005-12-07,18,1
2326,2004-06-25,54,2
2327,2008-04-09,44,4
2328,2014-09-06,91,4
2329,2015-06-14,3,1
2330,2004-03-30,23,3
2331,2015-10-11,100,4
2332,2015-08-07,15,1
2333,2009-11-03,53,3
2334,2002-10-23,58,3
2335,2015-11-07,5,2
2336,2012-10-10,27,4
2337,2010-10-06,65,2
2338,2005-01-03,88,2
2339,2015-11-17,79,1
2340,2008-02-23,41,3
2341,2015-10-24,98,4
2342,2009-12-07,50,2
2343,2007-06-09,64,4
2344,2013-04-07,63,3
2345,2014-07-28,14,2
2346,2015-12-25,46,2
2347,2014-06-08,90,2
2348,2009-12-19,70,2
2349,2012-05-03,23,2
2350,2015-12-06,6,2
2351,2011-08-07,29,1
2352,2015-12-18,5,4
2353,2007-05-24,64,3
2354,2014-10-26,22,4
2355,2014-01-19,72,4
2356,2014-12-14,25,4
2357,2013-01-03,43,3
2358,2015-02-12,89,4
2359,2013-07-26,47,4
2360,2014-08-25,12,3
2361,2015-12-27,66,2
2362,2014-12-06,92,2
2363,2013-03-14,44,3
2364,2012-06-23,24,2
2365,2015-06-22,100,1
2366,2005-03-27,12,1
2367,2011-08-25,24,4
2368,2012-01-05,86,2
2369,2015-10-16,55,1
2370,2012-12-16,27,4
2371,2010-01-04,64,4
2372,2013-05-02,85,4
2373,2014-08-10,5,4
2374,2015-12-23,67,4
2375,2014-11-26,66,4
2376,2014-07-15,86,1
2377,2014-11-21,12,3
2378,2011-01-05,91,1
2379,2014-12-26,3,3
2380,2009-02-03,72,1
2381,2014-04-07,16,4
2382,2005-02-18,59,2
2383,2012-12-14,11,3
2384,2007-05-15,43,2
2385,2012-11-11,94,3
2386,2012-11-07,65,2
2387,2011-03-06,6,2
2388,2013-02-15,78,1
2389,2014-11-01,20,3
2390,2015-11-29,56,1
2391,2010-03-10,32,1
2392,2014-12-27,90,4
2393,2015-12-23,9,4
2394,2015-07-27,98,2
2395,2005-11-01,18,3
2396,2012-09-18,11,2
2397,2015-08-17,75,2
2398,2015-09-20,100,2
2399,2011-03-19,93,3
2400,2011-12-03,11,2
2401,2015-06-05,36,1
2402,2014-02-07,22,2
2403,2014-10-06,95,1
2404,2015-07-11,20,1
2405,2014-05-17,96,2
2406,2007-10-01,76,1
2407,2014-10-28,77,4
2408,2012-02-24,32,3
2409,2015-07-08,75,2
2410,2010-07-17,18,3
2411,2009-03-23,81,4
2412,2011-04-01,4,4
2413,2013-01-28,33,1
2414,2013-12-20,77,1
2415,2012-06-04,31,2
2416,2014-06-30,4,1
2417,2014-12-22,15,2
2418,2015-12-23,5,3
2419,2015-04-19,2,4
2420,2014-08-21,22,3
2421,2008-10-18,32,2
2422,2009-01-18,44,3
2423,2013-08-27,94,2
2424,2015-02-04,68,1
2425,2015-10-16,79,3
2426,2012-06-17,21,3
2427,2015-08-19,33,3
2428,2015-04-26,36,2
2429,2013-06-02,57,1
2430,2015-01-27,36,3
2431,2013-02-26,91,3
2432,2006-12-22,27,3
2433,2002-04-08,93,1
2434,2003-09-06,58,4
2435,2015-11-12,7,1
2436,2011-10-21,45,1
2437,2010-02-01,54,4
2438,2008-01-15,99,4
2439,2013-11-13,46,1
2440,2010-09-26,33,1
2441,2012-04-08,77,2
2442,2009-10-15,81,1
2443,2015-12-12,69,3
2444,2011-04-27,39,4
2445,2014-09-29,45,1
2446,2008-06-07,51,4
2447,2015-03-10,36,3
2448,2012-04-21,99,1
2449,2015-08-23,36,2
2450,2015-12-26,9,3
2451,2015-11-14,7,3
2452,2011-07-07,24,1
2453,2010-06-12,85,3
2454,2012-08-26,12,1
2455,2014-11-06,41,1
2456,2008-11-09,72,2
2457,2008-06-08,13,2
2458,2009-03-31,8,4
2459,2007-12-22,53,4
2460,2015-08-26,36,1
2461,2015-11-20,7,2
2462,2009-09-11,76,1
2463,2015-07-22,79,1
2464,2013-02-19,82,3
2465,2001-06-13,46,1
2466,2015-11-15,74,4
2467,2015-11-10,69,1
2468,2014-08-01,29,3
2469,2004-07-10,80,2
2470,2015-12-29,9,4
2471,2015-01-13,16,1
2472,2002-11-10,8,3
2473,2015-03-23,2,4
2474,2002-02-18,8,3
2475,2012-10-01,26,3
2476,2014-04-09,16,1
2477,2012-05-08,65,4
2478,2014-12-01,10,1
2479,2015-11-15,79,2
2480,2014-03-04,13,2
2481,2007-04-09,24,4
2482,2005-02-08,85,3
2483,2001-06-14,58,1
2484,2012-03-20,17,4
2485,2014-12-06,100,2
2486,2015-04-13,98,3
2487,2011-05-15,59,1
2488,2013-08-16,11,3
2489,2015-10-30,74,2
2490,2012-12-13,28,2
2491,2009-12-13,91,2
2492,2008-04-26,39,2
2493,2001-03-28,49,4
2494,2015-12-22,9,2
2495,2015-07-23,5,4
2496,2014-11-28,95,2
2497,2014-12-17,46,3
2498,2015-05-18,55,3
2499,2009-01-03,53,1
2500,2011-06-23,71,1
