person_id,post_id
1,31
2,5
2,13
2,14
2,21
1,54
2,28
2,42
1,79
1,98
4,28
1,122
1,123
4,31
2,101
3,70
1,133
4,54
5,31
1,158
6,4
6,7
3,104
3,107
6,18
3,112
2,144
2,147
2,150
6,34
4,98
2,161
3,133
2,171
3,142
6,49
4,123
7,31
6,68
3,171
6,78
7,54
8,31
1,252
2,228
4,173
1,267
3,208
10,5
6,133
6,148
6,150
1,308
2,279
1,320
6,171
4,240
10,54
10,59
2,309
11,31
4,251
10,69
1,352
10,79
7,173
3,301
1,376
5,252
2,348
1,380
1,386
1,391
2,362
13,21
6,240
3,339
13,29
2,371
2,375
13,34
14,7
6,260
13,45
10,142
13,50
14,21
7,240
10,148
6,274
14,28
2,403
6,282
7,251
6,285
6,287
14,44
10,171
14,54
14,55
1,459
14,57
6,308
12,123
6,310
4,376
8,252
14,70
3,414
4,386
14,79
2,453
4,391
13,117
3,429
2,462
13,122
13,123
16,31
1,500
10,222
1,504
4,411
2,478
1,511
17,21
10,239
14,118
10,244
2,493
6,371
3,466
1,536
17,44
18,13
14,140
1,545
3,483
10,266
14,147
17,55
18,25
10,274
14,150
18,28
6,403
7,376
17,70
10,292
7,386
10,296
13,204
14,173
14,174
3,519
12,240
13,210
5,459
18,57
10,306
18,60
16,123
13,221
7,411
10,318
2,568
2,571
2,573
13,233
2,576
6,453
3,551
17,118
17,121
20,28
6,464
20,31
21,1
2,591
17,126
21,2
20,34
1,630
6,475
10,352
2,603
17,138
21,15
3,577
18,112
10,362
14,238
18,114
17,147
21,23
4,551
14,251
21,34
6,500
14,254
17,161
6,503
6,504
14,257
2,631
14,260
3,603
10,386
18,138
3,604
6,511
21,48
20,80
13,301
14,271
1,675
5,551
2,646
17,183
3,618
13,309
7,500
10,407
14,287
10,414
20,104
22,42
10,416
20,107
21,77
2,667
17,203
21,82
14,300
21,83
13,333
16,240
22,54
6,552
9,459
1,710
10,432
14,308
20,123
17,219
4,628
11,411
23,44
22,79
6,577
6,580
17,239
23,54
7,551
3,676
18,214
3,680
10,464
18,216
18,219
2,716
17,251
20,158
10,473
2,722
22,104
17,260
24,49
3,701
13,391
17,267
17,271
4,675
8,551
11,459
22,121
21,154
22,123
14,375
10,503
13,411
14,380
17,287
6,629
14,386
3,729
25,50
24,82
10,519
1,799
25,55
12,459
13,429
2,773
17,308
24,91
14,403
26,31
18,282
15,376
2,780
18,286
7,628
21,195
25,73
4,725
27,14
10,544
10,545
14,422
13,454
3,765
6,672
20,238
13,456
20,240
23,147
10,551
27,25
10,553
26,57
22,183
26,60
13,464
21,216
4,745
24,126
20,251
10,562
16,376
20,252
3,780
20,254
28,7
8,628
10,566
26,70
24,133
17,352
20,260
2,821
10,573
23,171
10,575
26,80
26,82
25,114
28,21
4,767
14,457
27,54
14,459
2,832
1,864
2,833
3,802
25,121
28,28
5,745
14,466
24,158
21,252
26,98
27,69
10,597
17,380
27,70
6,722
18,350
14,475
26,104
2,849
6,725
4,788
29,13
17,386
18,355
10,604
2,854
17,391
23,205
2,857
26,113
25,145
10,611
15,459
21,274
18,368
7,710
14,493
26,121
6,743
21,279
29,31
26,126
17,406
22,251
17,407
22,254
14,503
26,133
20,320
7,725
29,43
4,821
29,46
22,267
26,145
3,859
18,394
24,208
16,459
13,555
27,121
3,866
20,339
30,31
1,931
29,63
30,34
3,872
23,252
3,873
7,749
31,7
26,165
1,941
10,662
20,352
28,104
6,793
26,173
25,205
4,857
27,145
3,890
24,239
7,767
17,457
27,147
27,148
3,894
4,864
13,586
25,214
26,183
4,866
29,91
17,464
3,899
14,562
20,376
12,628
14,566
20,380
29,101
28,133
1,973
7,788
21,355
28,138
6,821
10,699
26,203
2,948
13,607
29,113
2,951
24,271
26,209
7,799
2,958
22,339
20,407
28,161
6,844
17,504
21,380
29,134
3,945
27,201
32,46
18,481
3,947
17,515
21,391
23,329
27,205
10,734
2,985
16,551
29,148
2,986
6,864
21,399
24,306
33,28
2,991
30,123
2,992
31,93
33,31
1,1024
25,280
32,63
32,64
7,840
34,4
27,222
22,380
21,412
24,320
33,42
4,943
34,13
1,1037
2,1006
10,758
32,76
28,201
29,171
10,761
17,544
28,203
13,670
25,300
1,1045
21,425
26,271
28,209
20,459
3,987
1,1050
7,864
13,680
2,1024
6,900
24,342
22,406
17,562
22,407
10,781
25,316
21,441
22,410
15,628
22,411
27,257
20,475
12,725
13,695
34,44
2,1037
9,821
23,387
26,295
33,79
30,173
13,701
27,267
29,206
14,672
1,1076
2,1045
28,240
34,54
13,707
34,57
6,928
3,1022
12,745
36,1
2,1057
13,716
27,282
13,717
32,128
33,98
25,347
28,254
27,287
34,70
25,350
31,164
6,941
17,600
17,601
11,788
27,292
36,13
4,1006
14,696
32,138
24,387
3,1039
31,171
6,947
34,80
26,329
27,298
22,454
31,175
6,951
28,271
6,954
14,707
22,459
33,118
32,150
14,710
24,400
28,277
34,91
1,1115
25,372
18,591
35,64
24,407
34,98
2,1093
28,287
17,630
27,320
2,1096
26,352
34,104
32,167
12,788
35,76
36,45
14,729
32,171
33,140
20,545
13,765
21,518
30,240
33,147
6,985
7,954
12,799
21,520
34,118
17,646
1,1143
2,1113
34,121
13,773
34,123
26,375
30,251
3,1089
22,500
30,252
10,873
13,781
38,8
13,785
28,320
31,228
20,571
20,573
21,542
22,511
34,140
7,979
26,391
29,298
32,205
24,454
4,1075
31,239
14,767
4,1079
34,150
32,214
1,1176
21,557
27,371
35,123
6,1023
26,403
38,31
3,1118
26,406
31,251
26,407
27,376
26,410
10,907
2,1156
24,475
10,910
16,725
6,1037
7,1006
17,696
10,914
37,77
6,1039
22,544
34,173
27,391
36,113
5,1075
6,1045
4,1108
27,399
32,245
27,403
17,716
28,375
27,407
13,842
23,533
39,38
13,845
20,628
24,504
27,411
1,1219
20,630
18,693
17,725
27,416
29,354
29,355
14,821
28,387
39,46
1,1225
25,481
27,419
29,359
38,80
40,18
6,1075
27,429
10,958
40,28
21,618
38,91
6,1085
31,310
40,31
39,64
14,840
28,406
40,34
28,407
13,873
34,222
17,750
6,1093
23,566
24,536
22,600
36,166
40,42
6,1098
2,1224
15,821
37,139
39,78
31,329
33,267
36,174
14,857
17,764
7,1075
25,517
28,425
6,1108
13,891
25,519
6,1110
7,1079
27,459
38,118
17,770
29,398
2,1238
4,1176
38,122
40,60
6,1115
27,466
2,1243
30,376
34,252
42,4
24,564
24,566
42,8
22,630
32,320
25,538
39,104
6,1128
34,260
36,198
12,943
6,1130
2,1255
16,821
26,515
34,267
39,113
2,1261
8,1075
7,1108
10,1015
38,147
21,676
25,552
31,366
18,770
22,646
1,1298
20,710
36,214
41,60
39,123
21,682
42,31
28,466
39,128
25,563
40,98
26,533
28,472
17,814
21,690
27,504
30,411
26,536
4,1219
18,785
25,568
28,475
32,352
31,384
21,696
17,821
4,1225
18,791
35,264
36,233
31,390
39,142
27,515
20,734
34,300
13,952
39,146
1,1325
39,147
42,54
26,551
27,520
32,365
42,55
26,552
40,118
39,150
42,57
42,58
3,1268
14,927
33,339
34,308
40,122
1,1333
39,155
43,31
21,714
6,1181
28,500
13,967
21,720
26,566
41,101
34,320
6,1189
14,941
31,414
39,167
21,726
26,571
37,230
44,13
28,511
31,418
38,201
5,1225
42,78
44,18
3,1290
26,577
35,298
26,580
2,1325
20,767
1,1358
30,459
20,770
24,646
10,1082
25,617
32,400
37,245
41,121
7,1176
34,339
10,1085
37,249
40,158
21,749
42,98
27,564
36,285
18,844
36,287
2,1343
21,754
10,1096
42,104
37,260
20,788
29,512
39,202
36,296
14,979
28,545
27,577
37,267
39,206
11,1075
35,331
27,580
39,208
20,799
44,55
3,1328
4,1298
45,28
21,773
42,122
1,1394
13,1022
42,123
14,992
41,155
5,1272
24,683
37,281
39,219
10,1120
18,872
21,779
2,1372
33,411
34,380
1,1404
37,288
7,1219
18,879
24,693
37,291
38,260
31,478
10,1130
34,386
36,325
7,1225
41,171
2,1381
44,79
35,359
6,1259
14,1012
2,1385
12,1075
3,1355
27,611
6,1263
29,551
22,770
5,1298
10,1143
24,711
38,277
18,898
31,495
32,464
35,371
43,123
18,899
34,403
37,310
21,807
18,901
29,560
39,250
20,840
13,1059
25,688
2,1402
34,411
38,287
7,1249
27,629
41,195
25,692
17,943
34,416
44,107
3,1379
8,1225
42,171
37,327
10,1165
6,1290
28,608
34,422
36,360
42,174
20,857
41,206
3,1385
17,951
10,1170
30,551
10,1172
33,459
21,832
20,864
17,958
18,927
2,1424
3,1393
20,866
44,122
24,743
13,1085
39,279
7,1272
26,683
35,406
40,251
47,34
24,749
32,502
37,347
40,254
21,845
22,814
28,629
1,1467
32,506
45,104
47,42
29,602
39,292
47,44
36,387
42,201
47,46
2,1443
18,949
36,391
40,267
42,206
14,1076
25,735
42,208
24,767
42,209
27,675
13,1110
14,1079
7,1298
21,864
34,461
4,1394
10,1210
27,683
31,559
21,872
26,717
34,469
21,873
42,222
36,410
4,1403
3,1436
13,1127
29,631
26,725
35,447
1,1502
27,696
49,14
3,1444
44,173
31,577
44,174
6,1353
15,1075
35,456
37,394
41,270
2,1480
37,395
42,240
3,1451
14,1110
27,707
3,1452
45,150
8,1298
21,895
22,864
27,710
1,1517
40,308
32,557
48,61
26,745
38,375
27,717
2,1493
26,749
3,1465
6,1372
30,628
31,597
38,380
47,101
10,1249
1,1529
1,1530
10,1251
20,941
27,724
42,260
13,1160
32,571
28,696
24,821
34,511
11,1225
41,296
48,80
1,1539
10,1261
16,1075
39,362
48,83
20,954
49,55
42,274
6,1391
13,1175
48,90
50,28
23,866
28,711
29,680
50,31
44,219
39,375
50,34
21,934
38,407
37,439
6,1401
38,411
41,318
49,70
34,536
47,133
4,1467
6,1407
28,725
26,788
7,1378
18,1038
33,573
3,1504
1,1567
24,854
14,1165
34,545
33,577
2,1539
27,764
13,1199
32,611
33,580
38,425
48,115
26,798
31,643
47,147
30,675
34,551
20,986
25,832
24,864
42,306
51,28
24,866
29,711
31,649
32,618
13,1208
10,1302
42,310
11,1272
2,1552
3,1521
33,591
10,1306
48,128
52,4
35,533
41,348
7,1403
39,411
12,1249
31,660
13,1219
18,1064
32,631
33,600
34,571
1,1595
4,1502
20,1006
29,727
40,386
34,573
17,1101
37,481
48,140
51,48
22,948
27,793
47,173
2,1569
13,1228
34,577
40,391
20,1012
35,547
6,1447
48,145
27,799
31,675
49,117
18,1079
24,893
37,490
38,459
21,987
28,770
30,710
52,28
40,403
52,31
20,1024
34,591
35,560
40,406
45,251
41,376
13,1245
28,780
48,160
50,98
51,68
13,1248
27,814
51,70
4,1529
14,1219
4,1530
13,1251
26,848
1,1624
30,725
34,601
45,260
40,416
52,44
13,1254
20,1037
37,510
13,1256
14,1225
48,171
49,140
13,1257
13,1258
39,453
40,422
4,1539
47,206
51,82
49,145
20,1045
39,456
47,208
6,1480
17,1139
28,799
52,55
38,490
12,1298
13,1267
20,1050
31,710
24,928
27,835
30,745
18,1118
35,591
53,34
2,1616
13,1275
54,4
26,873
1,1649
27,843
31,719
20,1061
38,503
2,1620
51,101
5,1529
31,725
35,602
31,727
35,603
42,386
1,1658
49,171
10,1381
32,699
49,173
13,1290
32,701
42,391
44,329
51,112
3,1601
52,82
20,1076
47,239
2,1635
26,891
47,240
53,54
24,954
29,799
33,675
51,117
29,800
37,552
40,459
34,646
42,399
24,958
42,400
17,1176
32,711
45,308
51,122
6,1518
26,898
42,403
21,1056
25,933
23,996
42,407
27,873
2,1650
38,536
6,1529
8,1467
16,1219
25,941
36,600
36,602
4,1595
7,1502
22,1037
33,696
48,231
18,1162
27,883
53,79
54,48
26,917
3,1632
6,1539
18,1167
28,857
18,1168
32,734
34,672
34,675
38,551
20,1110
38,552
29,833
3,1641
26,928
33,711
13,1333
24,992
55,31
15,1272
49,219
55,34
6,1554
14,1306
27,903
53,98
39,533
18,1185
3,1651
7,1527
16,1249
22,1064
7,1530
14,1313
21,1096
26,941
32,755
34,693
29,849
32,756
33,725
21,1098
26,943
38,571
1,1719
10,1440
52,138
30,821
1,1721
23,1039
10,1443
13,1350
25,978
27,917
38,577
47,298
51,174
24,1012
47,300
22,1076
55,54
22,1079
29,862
48,274
55,57
20,1143
21,1113
25,989
34,710
51,183
56,28
17,1238
27,928
34,711
55,60
39,557
53,123
14,1333
24,1023
56,31
33,745
39,560
13,1367
18,1213
34,717
41,500
4,1649
25,998
49,254
24,1030
6,1589
17,1249
8,1529
36,661
8,1530
13,1375
27,941
38,600
34,725
49,260
51,198
10,1470
21,1130
24,1037
29,883
48,295
22,1102
39,576
40,545
55,80
57,18
44,422
30,857
13,1385
35,703
39,581
49,271
50,240
48,303
14,1358
35,707
36,676
42,490
43,459
48,304
30,864
39,585
57,28
10,1486
13,1394
54,123
25,1023
57,31
6,1613
35,714
47,342
37,653
27,964
50,252
58,4
34,749
36,687
55,98
13,1402
21,1154
24,1061
18,1248
42,504
48,318
49,287
38,629
38,630
48,321
55,104
13,1407
13,1408
7,1595
35,727
37,665
55,107
40,573
1,1783
19,1225
3,1722
28,947
41,544
52,203
56,79
6,1630
28,948
32,824
53,173
17,1290
58,19
2,1756
6,1632
39,611
40,580
1,1790
34,767
51,240
52,209
57,54
33,799
42,520
55,118
41,553
58,26
49,306
18,1268
24,1082
25,1051
6,1641
55,122
6,1642
44,464
48,340
1,1798
27,992
26,1024
26,1026
1,1802
27,996
10,1524
2,1774
3,1743
6,1650
32,844
40,597
14,1404
17,1311
42,536
48,350
3,1746
12,1467
20,1219
17,1313
40,600
24,1098
36,726
1,1812
4,1719
6,1657
35,758
58,46
20,1225
26,1039
35,760
37,698
55,140
14,1413
28,979
57,80
54,174
1,1818
37,703
52,238
26,1045
52,239
35,767
51,271
52,240
55,147
2,1791
35,768
38,675
58,55
25,1079
42,552
25,1081
26,1050
32,864
13,1454
54,183
17,1333
19,1272
27,1024
59,32
3,1770
55,158
2,1802
18,1306
60,4
39,657
42,564
51,285
3,1774
7,1650
44,503
2,1806
41,597
1,1839
26,1064
11,1530
37,724
48,383
13,1470
25,1098
36,757
54,199
12,1502
7,1658
32,883
48,387
58,77
27,1039
29,978
54,203
13,1475
55,173
59,49
4,1755
10,1569
47,422
33,857
37,733
41,609
48,392
54,206
17,1354
53,238
60,21
26,1076
2,1821
30,954
39,675
2,1823
32,893
32,894
48,398
59,57
13,1485
55,183
57,122
59,60
2,1831
35,808
59,64
6,1708
24,1150
34,840
37,747
53,251
45,500
14,1462
31,935
33,873
37,749
4,1775
14,1465
18,1341
26,1093
33,876
51,318
61,8
25,1125
36,784
44,536
12,1529
14,1467
22,1219
12,1530
38,724
60,42
38,725
26,1098
3,1812
21,1254
28,1037
17,1379
4,1783
26,1101
39,699
14,1475
44,545
56,173
3,1817
24,1166
58,112
18,1353
37,764
27,1075
38,734
25,1138
28,1045
14,1480
57,147
31,954
45,520
41,646
47,460
57,150
20,1298
58,121
2,1858
3,1827
14,1486
24,1176
29,1023
13,1520
47,466
2,1862
25,1151
44,562
49,407
50,376
14,1493
35,842
37,780
38,749
55,222
38,750
28,1061
49,410
51,348
13,1527
48,442
62,8
36,816
27,1096
39,725
54,260
44,571
47,478
4,1812
21,1285
29,1037
40,696
6,1751
10,1627
44,573
6,1752
23,1225
41,667
58,140
60,79
17,1413
45,545
25,1166
39,732
50,391
10,1632
32,950
27,1106
51,362
55,238
2,1882
54,271
55,240
59,116
3,1853
13,1543
38,768
45,551
28,1079
37,800
48,459
58,150
61,57
27,1113
40,710
57,183
10,1641
14,1517
53,308
2,1890
39,743
20,1333
21,1302
33,931
41,683
52,342
61,63
3,1862
13,1553
35,871
40,716
55,251
59,127
31,996
59,128
6,1772
14,1524
39,749
49,439
10,1649
37,812
45,564
6,1774
47,503
28,1093
39,752
50,411
3,1869
37,815
10,1653
16,1467
35,878
53,320
6,1778
28,1096
32,972
25,1190
40,725
55,260
33,943
45,571
62,44
25,1192
35,882
3,1875
34,914
3,1876
24,1225
40,729
61,79
18,1413
26,1165
33,948
7,1755
26,1166
47,515
14,1539
18,1415
48,485
61,82
40,734
56,238
10,1665
17,1448
27,1138
6,1790
28,1108
38,798
56,240
17,1450
33,954
20,1358
39,769
17,1452
32,987
22,1298
2,1919
23,1268
49,462
51,400
26,1176
60,122
62,60
24,1239
6,1798
39,775
51,403
35,900
28,1118
37,839
26,1181
56,251
6,1802
22,1306
52,376
40,749
21,1339
23,1277
62,68
3,1898
7,1775
17,1465
55,287
22,1311
15,1529
21,1343
27,1157
44,630
13,1592
15,1530
26,1189
51,414
59,166
61,104
10,1686
18,1438
25,1221
39,788
28,1131
58,201
7,1783
3,1908
34,947
3,1909
27,1165
39,793
58,204
23,1290
48,515
64,19
1,1973
6,1818
27,1167
30,1075
32,1013
4,1882
27,1169
28,1138
1,1976
7,1790
17,1480
21,1356
28,1139
18,1450
34,954
25,1234
27,1172
30,1079
33,986
37,862
61,118
40,770
44,646
61,119
64,26
24,1268
47,555
27,1176
37,866
39,804
55,308
29,1115
21,1364
31,1054
32,1023
24,1272
42,716
52,407
57,252
17,1493
41,750
27,1185
48,534
64,38
2,1961
20,1403
45,628
48,535
53,380
24,1280
16,1529
29,1126
45,630
16,1530
42,724
34,974
3,1936
37,882
14,1596
10,1721
25,1256
3,1940
28,1165
34,979
10,1724
49,515
52,422
54,360
57,267
2,1973
28,1167
33,1012
48,547
37,889
47,580
8,1790
24,1294
28,1170
30,1108
41,767
44,675
48,552
3,1949
2,1981
17,1518
10,1736
23,1333
65,31
21,1396
51,466
58,251
38,873
29,1153
33,1029
41,781
64,68
14,1619
51,472
66,7
40,814
48,566
53,411
61,163
49,536
58,257
21,1405
27,1219
62,134
24,1313
55,352
1,2027
2,1996
37,911
43,725
47,601
48,570
66,13
35,975
54,386
62,138
64,76
26,1255
47,604
27,1225
13,1660
49,544
10,1754
39,855
51,483
48,577
61,174
17,1539
35,981
62,145
66,21
10,1758
25,1293
29,1169
33,1045
62,147
21,1419
42,768
25,1296
32,1079
49,552
24,1328
66,26
66,28
10,1765
14,1641
57,308
27,1239
38,898
48,588
59,247
10,1767
32,1085
54,403
66,31
1,2047
26,1272
35,993
43,745
52,466
2,2017
18,1521
27,1242
41,808
27,1243
49,562
55,376
14,1649
25,1308
33,1061
13,1682
22,1404
26,1280
47,629
48,598
20,1467
28,1219
52,475
32,1096
56,352
3,1996
59,260
55,386
10,1782
27,1255
10,1783
28,1225
44,729
2,2033
42,793
48,607
55,391
33,1075
37,951
7,1882
31,1138
62,177
2,2038
13,1697
26,1295
48,613
50,551
3,2010
58,305
34,1050
58,306
38,927
52,493
61,214
30,1176
45,711
57,339
59,277
48,619
1,2077
67,31
38,931
44,745
37,963
62,188
24,1367
48,623
55,407
41,842
54,439
6,1928
21,1463
3,2022
34,1061
2,2054
24,1372
37,969
52,504
56,380
68,8
47,660
34,1064
37,971
53,475
19,1530
29,1220
47,662
49,600
23,1407
43,788
1,2092
25,1348
39,914
42,821
51,542
11,1783
34,1070
59,295
64,140
13,1722
29,1227
27,1290
29,1228
54,453
55,422
56,391
58,329
41,857
34,1075
38,951
48,641
64,145
60,270
11,1790
26,1325
27,1294
62,209
64,147
43,799
10,1823
33,1110
59,304
14,1700
48,646
25,1360
54,461
34,1082
24,1393
20,1518
40,898
51,557
18,1581
26,1333
61,248
64,155
17,1613
36,1024
39,931
45,745
51,560
2,2080
36,1027
51,562
57,376
21,1493
10,1835
21,1495
10,1837
14,1713
49,628
57,380
64,163
49,630
6,1964
20,1530
31,1189
41,879
42,848
17,1624
68,43
34,1098
39,943
69,13
11,1812
58,355
2,2092
13,1751
43,821
54,480
12,1783
30,1225
64,171
34,1102
52,544
22,1475
48,669
52,545
6,1972
24,1414
25,1383
29,1259
47,701
51,577
24,1415
32,1167
48,671
55,454
6,1974
26,1354
59,331
12,1790
27,1325
52,551
66,117
14,1730
55,459
69,25
23,1452
28,1298
37,1019
2,2105
22,1485
17,1641
66,122
35,1084
54,495
58,371
3,2077
21,1520
40,931
25,1398
26,1367
69,34
28,1306
31,1213
57,407
48,687
17,1649
47,720
59,348
50,628
52,566
1,2149
40,941
2,2120
21,1531
40,943
61,292
12,1812
22,1502
38,1006
17,1658
26,1379
34,1131
69,46
3,2093
68,78
20,1567
69,48
37,1041
41,917
14,1755
41,918
52,577
57,422
61,298
38,1012
39,981
64,206
22,1509
3,2099
10,1882
17,1665
24,1448
27,1355
51,611
64,208
49,675
53,551
27,1358
56,459
28,1328
32,1204
39,987
62,274
69,57
10,1887
34,1143
62,276
70,28
31,1238
22,1518
6,2015
28,1333
42,899
30,1272
48,714
52,591
27,1367
34,1150
13,1802
39,996
47,748
14,1772
32,1214
22,1527
37,1062
26,1404
51,629
69,71
56,475
31,1251
32,1220
3,2120
6,2027
28,1345
35,1128
47,756
52,601
20,1595
23,1502
38,1037
53,573
54,542
48,729
7,2001
10,1908
62,296
69,79
28,1351
69,80
25,1445
26,1414
55,515
58,422
61,329
2,2160
10,1912
27,1385
28,1354
48,734
62,300
69,83
10,1913
28,1355
35,1139
50,675
40,986
54,552
17,1700
41,958
49,710
54,555
71,28
27,1393
34,1176
42,928
47,773
49,711
27,1394
2,2170
71,31
59,404
58,436
10,1925
32,1243
39,1026
45,840
49,716
71,34
56,500
60,376
72,4
24,1493
36,1121
44,873
6,2054
17,1713
28,1372
44,876
2,2179
32,1249
55,536
66,195
2,2180
35,1157
54,568
34,1189
41,972
7,2027
27,1407
48,756
25,1470
58,447
61,354
17,1719
40,1006
61,355
48,759
10,1938
51,667
48,761
55,544
66,203
70,79
13,1847
35,1166
14,1818
27,1415
35,1167
40,1012
18,1695
24,1509
26,1448
38,1076
66,209
71,54
39,1047
41,985
47,799
69,117
17,1730
44,893
57,490
59,429
14,1825
28,1391
31,1298
42,958
50,710
20,1641
31,1300
64,277
25,1487
38,1084
49,743
72,31
7,2047
69,127
72,34
26,1462
32,1276
70,98
20,1649
49,750
20,1650
10,1961
21,1620
26,1465
53,628
3,2179
6,2086
56,536
4,2149
14,1839
34,1219
35,1188
25,1500
28,1407
35,1190
50,725
54,601
43,943
55,571
15,1812
48,789
70,107
1,2247
51,698
60,419
64,295
48,792
13,1878
27,1444
64,297
71,80
31,1321
55,577
60,422
3,2190
52,672
64,300
22,1603
60,425
16,1790
41,1015
61,395
25,1512
27,1450
42,985
49,768
56,551
42,986
40,1050
10,1981
26,1485
51,710
34,1238
70,122
39,1085
45,899
61,403
8,2047
44,931
50,745
38,1118
55,591
10,1987
73,34
59,469
25,1524
59,470
71,98
58,502
66,254
17,1774
40,1061
48,814
55,597
72,70
34,1249
70,133
40,1064
48,816
60,445
69,166
71,104
22,1624
24,1562
48,819
61,416
16,1812
23,1595
30,1378
71,107
7,2092
17,1782
45,914
61,418
64,325
44,947
72,79
27,1475
59,483
17,1786
60,453
64,329
66,267
25,1539
2,2253
3,2222
38,1138
41,1045
61,425
34,1263
64,333
44,954
57,551
2,2257
37,1172
40,1079
47,862
10,2010
13,1917
39,1113
44,958
62,400
73,59
27,1486
61,432
71,122
6,2138
36,1208
24,1581
13,1923
61,437
70,158
67,252
21,1679
47,873
58,533
66,285
18,1774
22,1650
26,1527
28,1465
30,1403
39,1124
55,628
64,349
71,133
37,1188
55,630
26,1530
45,941
61,445
69,197
2,2276
40,1098
44,974
27,1502
24,1596
11,2001
14,1909
70,173
38,1166
62,422
17,1818
1,2315
31,1385
35,1261
52,734
29,1448
31,1387
34,1294
40,1108
51,767
29,1450
50,799
20,1730
40,1110
44,986
48,862
54,676
72,118
25,1576
49,832
55,646
62,429
71,150
3,2260
61,462
75,28
69,215
27,1518
69,216
3,2263
32,1364
51,775
66,310
24,1613
31,1396
47,900
37,1211
62,436
3,2266
38,1181
71,158
75,34
26,1554
34,1306
41,1089
61,469
69,221
62,439
3,2269
6,2176
14,1928
49,843
69,223
56,628
57,597
6,2179
24,1621
27,1528
7,2149
17,1839
56,630
1,2336
48,879
57,600
53,725
3,2276
17,1843
28,1502
64,386
69,231
40,1131
47,914
50,821
76,15
42,1070
69,233
72,140
12,2001
58,575
10,2064
29,1475
58,577
68,267
53,734
39,1170
51,798
75,54
73,118
62,460
68,274
14,1949
39,1174
2,2322
54,710
73,121
28,1517
73,122
25,1612
32,1395
4,2266
37,1243
64,406
68,282
6,2206
53,749
77,5
25,1618
24,1650
14,1961
49,876
57,628
61,504
22,1714
37,1249
54,722
30,1467
32,1405
38,1219
57,630
47,941
55,693
34,1345
68,292
45,1006
55,696
24,1658
26,1596
60,542
20,1783
37,1256
51,822
61,512
4,2280
42,1102
61,515
50,857
58,609
21,1758
36,1293
44,1045
20,1790
70,240
73,147
14,1977
17,1884
61,520
22,1730
42,1110
43,1079
63,459
77,25
53,770
10,2104
37,1267
38,1238
55,711
18,1860
37,1271
77,33
18,1863
26,1615
41,1150
48,933
70,251
36,1306
78,4
73,161
26,1619
42,1123
21,1775
31,1465
33,1403
51,845
73,163
38,1249
44,1064
14,1995
21,1778
40,1189
54,755
14,1996
26,1624
28,1562
55,725
70,260
31,1470
48,943
53,788
30,1502
34,1378
6,2247
27,1596
66,387
68,325
55,729
35,1351
37,1289
49,917
77,49
60,577
64,453
70,267
41,1167
76,82
55,734
14,2006
72,208
38,1263
42,1139
71,240
37,1295
6,2257
35,1358
36,1327
61,552
3,2351
54,770
58,647
64,461
6,2260
38,1268
56,710
77,60
29,1549
34,1394
64,464
75,123
14,2015
28,1581
78,31
1,2419
47,993
6,2266
35,1367
71,251
67,376
55,749
17,1928
26,1649
71,254
23,1743
37,1309
66,410
18,1899
44,1093
76,101
2,2396
21,1807
34,1404
39,1249
30,1529
40,1219
42,1157
45,1064
30,1530
56,725
54,788
78,44
28,1595
57,696
23,1751
26,1658
37,1317
53,821
66,419
24,1722
44,1102
49,947
36,1351
54,793
3,2375
22,1786
32,1476
37,1321
60,608
32,1478
45,1075
56,734
14,2037
66,425
22,1790
29,1573
47,1015
54,798
72,240
61,582
24,1730
61,583
65,459
55,770
66,429
78,57
1,2445
17,1949
64,492
21,1826
41,1206
57,710
62,555
79,28
27,1641
32,1486
52,866
54,804
70,308
64,495
77,92
47,1023
51,899
4,2358
7,2266
32,1492
62,562
21,1834
18,1928
62,564
2,2425
41,1216
69,348
48,1000
71,287
10,2179
57,722
13,2088
29,1592
28,1624
48,1004
49,973
13,2090
22,1812
24,1751
32,1503
44,1131
64,511
59,667
16,2001
37,1350
75,173
78,80
58,701
61,608
25,1725
53,857
76,144
57,734
73,238
77,114
80,21
20,1882
24,1758
39,1293
61,611
13,2100
44,1139
52,891
56,767
2,2442
49,985
50,954
55,799
76,148
29,1606
45,1110
58,707
26,1700
54,832
56,770
6,2322
69,369
41,1238
53,866
70,339
71,308
3,2417
18,1952
76,154
24,1767
17,1985
59,683
73,250
34,1460
44,1150
72,282
73,251
2,2453
3,2422
25,1740
41,1244
10,2206
24,1772
57,749
81,5
13,2114
64,533
2,2456
18,1960
28,1650
66,472
24,1775
26,1713
55,814
22,1839
76,165
10,2212
51,941
61,631
70,352
4,2399
31,1562
69,384
41,1253
56,788
77,137
28,1658
21,1876
14,2094
79,79
34,1475
38,1351
50,979
73,266
24,1786
41,1259
29,1632
77,144
6,2346
28,1665
76,177
57,767
80,54
56,799
23,1823
67,459
78,118
13,2135
37,1391
45,1143
18,1981
71,339
17,2015
47,1085
76,186
4,2419
10,2233
16,2047
25,1768
37,1396
41,1272
58,745
13,2142
21,1894
77,158
2,2484
24,1802
40,1306
48,1060
62,626
21,1898
26,1743
48,1061
77,162
81,38
2,2488
61,659
70,380
13,2148
27,1714
69,412
32,1560
43,1219
60,693
79,104
18,1996
52,943
37,1409
49,1037
50,1006
70,386
56,821
43,1225
61,667
78,140
27,1722
52,947
80,79
51,979
82,18
6,2375
27,1724
70,391
51,981
55,857
80,82
34,1509
39,1354
75,238
26,1758
29,1665
39,1355
32,1573
36,1449
40,1325
42,1263
68,457
78,147
14,2133
29,1668
54,893
3,2475
78,150
6,2383
55,864
32,1579
48,1083
79,122
34,1518
51,991
73,309
79,123
10,2263
26,1767
51,992
5,2419
42,1272
13,2172
41,1304
64,591
75,251
41,1306
51,996
70,407
26,1772
26,1774
20,1961
55,876
69,442
70,411
71,380
60,722
79,133
34,1529
44,1219
64,600
47,1128
75,260
61,695
71,386
27,1751
39,1379
57,821
6,2404
33,1567
35,1505
39,1381
66,544
10,2281
58,793
77,204
78,173
26,1786
42,1290
56,857
58,795
27,1758
48,1107
64,611
26,1790
29,1697
47,1139
10,2287
28,1729
53,954
77,210
6,2412
40,1358
52,986
57,832
56,864
77,213
18,2043
82,59
44,1238
56,866
80,122
23,1890
39,1394
55,898
60,743
77,216
10,2294
51,1023
60,744
43,1272
58,807
6,2420
35,1521
82,64
35,1522
51,1026
79,158
34,1554
52,996
59,779
27,1772
13,2207
68,502
82,69
4,2488
21,1961
61,721
71,411
39,1404
44,1249
80,133
13,2211
25,1839
6,2429
7,2399
31,1655
83,43
62,695
10,2308
51,1037
60,758
81,107
17,2092
27,1782
55,914
66,573
27,1783
48,1132
82,78
83,47
7,2404
20,2001
31,1661
35,1537
36,1506
79,173
27,1786
28,1755
34,1569
66,577
39,1415
24,1881
38,1448
48,1138
78,208
82,84
44,1263
78,209
6,2442
24,1884
67,551
26,1823
37,1483
42,1328
58,832
43,1298
57,864
13,2229
69,493
45,1238
57,866
24,1890
40,1394
14,2201
20,2015
29,1736
60,775
61,744
7,2419
39,1427
55,931
10,2327
49,1118
81,126
72,406
14,2206
28,1772
29,1741
48,1152
57,873
40,1401
59,812
77,254
28,1774
49,1123
52,1030
62,720
37,1496
58,845
65,628
82,101
40,1404
44,1280
45,1249
47,1188
21,1995
20,2027
17,2121
29,1749
34,1594
55,943
77,261
26,1843
34,1595
48,1161
53,1006
34,1596
49,1131
13,2248
32,1660
37,1505
55,947
58,854
42,1351
54,979
81,142
18,2096
35,1569
44,1290
69,515
72,422
82,112
27,1818
42,1353
39,1448
66,611
47,1201
50,1108
78,240
21,2008
55,954
27,1823
39,1451
54,986
69,521
82,118
59,832
35,1577
73,399
18,2105
38,1485
55,958
80,183
27,1827
33,1641
29,1767
32,1675
10,2358
22,1987
42,1367
85,34
44,1306
47,1213
73,407
27,1834
37,1524
10,2362
33,1649
42,1372
60,814
66,628
70,504
77,287
66,629
77,288
82,133
17,2149
66,630
6,2491
69,538
75,352
22,1996
61,787
76,322
56,943
61,788
28,1812
38,1502
18,2123
70,511
51,1101
64,698
6,2498
20,2064
14,2251
36,1569
76,329
81,174
10,2376
59,857
79,238
82,145
25,1913
49,1169
82,146
39,1480
79,240
69,553
59,864
62,771
72,461
29,1795
47,1238
58,898
20,2077
29,1798
11,2358
51,1118
77,312
78,282
79,251
86,34
71,500
75,376
83,128
37,1555
34,1649
62,781
34,1650
42,1402
53,1061
30,1775
71,504
75,380
13,2303
32,1714
61,815
64,722
70,536
17,2180
38,1529
59,878
57,941
73,445
82,166
79,260
52,1098
87,13
29,1812
55,1006
83,138
20,2092
34,1658
51,1131
71,511
30,1783
10,2404
14,2280
39,1505
41,1443
52,1102
57,947
32,1723
40,1475
44,1351
56,979
57,948
75,391
26,1912
27,1881
53,1076
80,239
81,208
30,1790
40,1480
49,1201
77,333
80,240
14,2287
24,1977
57,954
70,551
17,2196
86,57
54,1050
60,864
10,2415
18,2167
40,1485
47,1268
58,927
72,493
13,2323
50,1176
39,1518
52,1115
54,1054
64,744
75,403
22,2047
66,683
12,2358
39,1522
87,34
14,2298
32,1740
38,1554
60,872
17,2207
18,2176
47,1277
80,254
54,1061
59,906
44,1372
72,504
75,411
33,1714
47,1280
71,536
80,257
36,1622
54,1064
78,320
17,2212
58,941
81,228
38,1562
57,973
58,942
70,571
77,354
87,44
10,2432
21,2091
56,1006
70,573
73,480
41,1473
86,78
82,203
10,2436
22,2064
35,1661
37,1599
47,1289
71,545
83,173
86,80
58,949
78,329
80,267
37,1601
40,1509
42,1447
23,2037
28,1882
32,1758
48,1262
61,859
41,1480
87,54
29,1853
57,986
29,1855
87,57
55,1050
62,833
76,400
81,245
88,28
23,2044
31,1796
61,866
64,773
78,339
79,308
80,277
86,91
40,1518
49,1239
22,2077
76,403
11,2419
13,2357
48,1272
65,745
14,2327
39,1552
60,903
64,780
62,843
64,781
69,626
14,2332
55,1061
61,875
69,627
76,410
34,1713
40,1527
44,1403
73,504
18,2210
29,1869
34,1714
17,2242
25,1994
50,1219
55,1064
40,1530
66,724
69,631
70,601
22,2090
37,1625
38,1594
58,974
71,571
77,385
54,1099
86,107
38,1596
59,945
63,821
83,201
10,2465
32,1783
76,419
85,140
10,2466
87,79
62,855
52,1166
40,1539
57,1012
64,795
21,2129
28,1912
55,1075
18,2223
24,2037
18,2224
31,1821
69,643
83,209
85,147
88,54
21,2132
64,799
32,1792
34,1730
47,1327
55,1079
72,552
31,1824
51,1204
81,274
82,244
24,2043
55,1082
77,400
24,2044
59,959
60,928
79,339
80,308
87,91
58,991
86,123
29,1891
12,2419
57,1024
58,993
64,807
77,404
13,2389
14,2358
17,2265
47,1335
61,901
71,591
62,871
85,158
18,2236
66,748
72,562
13,2392
14,2362
18,2239
54,1123
10,2488
24,2054
39,1589
70,628
50,1249
29,1901
43,1467
51,1219
75,475
80,320
52,1189
87,104
26,1996
71,601
55,1098
76,447
42,1502
57,1037
68,696
86,140
17,2280
40,1567
55,1102
88,79
60,948
61,917
49,1290
78,391
41,1539
77,423
54,1138
56,1076
57,1045
27,1976
33,1790
49,1294
55,1108
56,1079
13,2413
29,1917
59,987
66,770
21,2166
51,1236
62,895
90,28
37,1672
42,1517
53,1176
13,2417
47,1363
55,1115
59,991
17,2294
26,2015
66,775
90,31
27,1985
50,1272
67,745
15,2358
60,963
24,2080
27,1987
28,1956
29,1925
60,964
78,406
90,34
13,2422
35,1740
62,903
75,500
29,1927
88,98
64,843
66,781
76,471
82,285
83,254
86,161
37,1681
38,1650
78,410
89,69
71,628
75,504
79,380
42,1528
49,1311
59,1001
77,443
87,133
52,1219
71,630
76,475
17,2305
27,1995
51,1251
53,1189
61,941
64,848
27,1996
39,1624
21,2183
60,974
37,1688
43,1502
68,727
24,2092
65,821
34,1783
87,140
24,2094
82,296
85,203
18,2281
86,173
34,1786
54,1166
78,422
28,1973
89,82
17,2315
59,1013
82,300
22,2161
27,2006
57,1076
58,1045
34,1790
39,1635
85,209
87,147
90,54
28,1977
60,985
49,1328
71,646
82,305
14,2414
29,1949
55,1143
82,306
26,2043
57,1082
35,1765
54,1176
64,866
66,804
47,1394
88,123
24,2108
34,1798
36,1736
79,403
83,279
66,808
18,2297
28,1987
61,964
87,158
60,996
79,407
80,376
51,1276
85,222
31,1897
37,1711
39,1649
77,471
36,1743
31,1899
49,1341
79,411
14,2427
17,2334
37,1714
40,1621
75,536
22,2180
43,1529
45,1467
53,1219
61,971
69,723
28,1995
43,1530
61,972
28,1996
81,353
83,291
24,2121
32,1873
57,1098
62,943
73,602
60,1006
61,975
20,2247
37,1720
80,387
41,1597
44,1504
64,884
83,296
90,79
31,1909
75,545
89,111
25,2096
89,112
83,299
18,2315
32,1881
69,734
81,362
85,239
86,208
85,240
92,23
32,1884
61,985
71,675
76,520
24,2133
34,1823
49,1358
17,2351
38,1700
83,305
78,461
82,337
55,1176
66,835
77,494
44,1518
48,1394
57,1115
60,1022
73,619
18,2325
25,2108
26,2077
68,775
80,403
18,2326
47,1427
52,1272
60,1024
64,900
82,342
17,2358
28,2017
26,2080
59,1057
80,406
24,2143
78,469
80,407
89,128
90,98
47,1432
85,254
32,1899
41,1620
64,907
82,349
21,2241
34,1839
44,1529
83,320
55,1189
38,1719
58,1099
71,696
93,14
26,2092
67,821
81,387
13,2496
70,729
13,2497
58,1102
28,2033
41,1630
88,173
21,2251
48,1414
81,391
35,1818
44,1539
45,1509
49,1385
70,734
89,147
33,1884
21,2257
78,490
79,459
64,927
28,2044
48,1424
58,1114
64,928
66,866
49,1394
90,123
48,1427
49,1396
70,745
47,1460
81,406
85,282
42,1616
78,500
25,2144
66,873
87,222
94,5
27,2083
29,2021
89,161
61,1030
49,1403
89,163
94,8
22,2241
49,1404
83,350
86,257
22,2242
24,2180
48,1436
79,475
20,2305
45,1530
52,1313
56,1189
64,941
51,1345
71,725
83,353
86,260
89,167
35,1842
81,416
50,1378
82,386
22,2247
32,1937
37,1782
61,1038
76,573
21,2279
47,1473
61,1039
89,171
64,947
18,2374
28,2064
39,1723
25,2158
27,2096
38,1755
82,391
80,454
94,20
31,1974
34,1881
64,951
71,734
54,1263
70,767
80,457
73,675
26,2133
51,1358
70,770
82,398
53,1298
17,2415
83,369
29,2044
57,1176
68,835
81,432
80,464
52,1333
17,2419
80,466
25,2172
36,1831
64,963
69,808
81,436
21,2297
29,2049
51,1367
72,716
79,500
80,469
83,376
47,1493
59,1121
71,749
93,67
24,2207
26,2145
61,1060
87,254
60,1092
50,1403
60,1093
75,628
83,380
61,1063
69,815
78,536
56,1219
58,1157
64,971
46,1530
77,569
92,104
94,42
18,2399
30,2027
37,1810
72,725
73,694
60,1098
92,107
83,387
56,1225
28,2094
77,575
78,544
35,1878
78,545
90,173
28,2096
89,205
72,734
35,1882
52,1355
60,1108
87,271
88,240
89,209
41,1698
49,1450
18,2412
27,2133
60,1110
80,490
81,459
86,306
48,1485
60,1113
80,493
95,28
58,1176
51,1394
77,588
28,2108
53,1333
54,1302
55,1272
81,466
20,2358
36,1863
87,282
88,251
80,500
39,1772
31,2021
68,874
78,564
21,2332
39,1774
44,1619
59,1154
52,1372
70,814
94,70
41,1714
44,1621
56,1249
79,536
92,133
86,320
94,72
68,879
21,2337
48,1500
93,105
48,1501
66,943
71,788
82,447
77,603
48,1503
70,821
18,2434
57,1225
61,1101
32,2001
69,854
48,1506
79,545
17,2468
31,2034
39,1786
48,1507
26,2190
51,1415
37,1850
35,1913
45,1603
69,859
64,1015
75,675
39,1792
81,490
26,2196
55,1298
81,492
87,308
28,2138
36,1891
93,124
24,2264
45,1613
56,1272
22,2327
18,2452
34,1956
70,840
39,1802
45,1616
55,1306
26,2206
40,1772
41,1741
97,5
28,2145
82,471
22,2332
52,1402
21,2364
24,2271
34,1961
42,1713
52,1403
81,504
18,2458
27,2179
80,536
41,1746
50,1467
87,320
86,352
20,2399
33,1996
45,1624
24,2276
79,571
35,1936
39,1812
53,1378
86,355
97,14
40,1782
41,1751
71,821
82,480
18,2465
31,2062
37,1876
24,2280
36,1908
21,2374
41,1754
51,1444
60,1165
93,142
95,80
42,1724
52,1414
77,639
87,329
89,267
97,19
41,1756
70,857
25,2253
90,238
93,146
40,1790
55,1325
89,271
24,2287
51,1450
59,1202
80,551
83,459
20,2414
26,2228
39,1825
64,1050
70,864
85,399
27,2198
68,927
75,710
87,339
69,898
77,650
24,2294
55,1333
20,2419
29,2140
57,1272
83,466
22,2358
48,1552
93,157
32,2049
34,1987
83,468
90,251
97,34
29,2143
86,376
90,252
73,780
95,98
37,1897
69,905
81,533
85,410
48,1558
54,1372
59,1217
72,814
89,287
26,2241
53,1404
77,660
94,133
27,2211
77,661
78,630
27,2212
76,693
95,104
97,42
55,1345
75,725
79,601
35,1966
85,416
97,44
43,1719
47,1595
50,1502
62,1130
66,1006
72,821
80,573
92,201
18,2496
75,729
34,2001
36,1939
81,544
96,79
29,2157
89,297
86,391
28,2190
40,1818
49,1539
71,857
83,485
59,1230
76,703
36,1944
89,301
66,1015
32,2070
38,1884
94,148
95,118
21,2413
44,1700
78,646
71,864
97,58
28,2198
51,1485
81,555
86,400
97,59
71,866
89,308
95,122
38,1890
54,1394
34,2015
39,1860
75,745
27,2234
39,1862
73,808
92,219
35,1987
37,1925
44,1708
47,1615
52,1460
72,840
87,376
28,2206
31,2113
52,1462
75,749
96,98
94,161
97,68
24,2332
48,1588
61,1185
66,1030
26,2271
47,1620
50,1527
52,1465
54,1403
87,380
97,70
27,2241
47,1621
57,1311
59,1249
76,722
95,133
60,1219
81,568
83,506
98,41
80,600
92,228
94,166
62,1160
81,571
86,416
41,1812
77,696
93,200
42,1782
26,2279
32,2093
62,1163
86,419
22,2404
26,2280
44,1722
48,1598
47,1630
54,1413
69,948
47,1631
60,1228
80,608
89,329
93,205
36,1973
50,1539
72,857
21,2439
77,703
78,672
89,331
92,238
39,1882
48,1603
24,2348
57,1325
75,767
26,2287
78,675
44,1730
29,2196
75,770
77,708
72,864
37,1950
41,1826
25,2323
39,1890
51,1518
55,1394
76,743
82,557
85,464
26,2294
42,1798
99,31
22,2419
70,931
24,2359
51,1522
26,2298
62,1182
76,748
41,1834
97,98
41,1835
73,843
82,564
92,254
62,1185
20,2488
48,1620
80,628
82,566
23,2396
29,2210
37,1962
55,1404
28,2242
53,1467
61,1219
66,1064
80,630
25,2336
51,1530
70,941
80,631
89,352
98,73
62,1190
92,260
70,943
75,788
87,416
26,2308
42,1812
69,975
28,2247
47,1658
74,821
43,1783
45,1721
21,2466
27,2280
39,1908
94,203
39,1909
28,2251
42,1817
87,422
88,391
24,2376
97,113
26,2315
40,1881
48,1633
52,1509
66,1075
40,1882
38,1945
43,1790
64,1139
69,985
70,954
75,799
76,768
79,675
57,1358
69,986
85,490
86,459
36,2010
41,1855
58,1328
31,2166
42,1825
26,2322
31,2167
100,28
31,2168
56,1394
59,1301
72,898
85,495
89,371
100,31
29,2234
48,1645
94,219
49,1615
89,375
92,282
100,34
27,2298
86,469
93,252
62,1214
73,873
93,254
32,2147
52,1527
56,1403
88,411
92,287
24,2397
48,1653
64,1157
21,2491
23,2429
26,2336
27,2305
82,600
90,352
24,2399
77,756
82,601
34,2090
98,106
23,2432
42,1843
43,1812
53,1502
79,696
97,138
75,821
77,759
82,604
28,2279
92,295
96,171
25,2373
66,1102
70,979
72,917
82,607
93,266
51,1569
89,391
64,1167
27,2315
67,1075
58,1355
82,611
64,1170
97,147
71,954
97,148
98,117
70,986
87,459
97,150
24,2414
62,1236
77,771
87,461
93,276
25,2385
27,2323
77,773
92,308
53,1518
69,1022
89,403
61,1272
83,590
24,2420
26,2358
66,1118
39,1956
75,840
87,469
90,376
69,1028
99,98
40,1928
57,1401
85,533
64,1185
53,1527
55,1465
57,1403
58,1372
90,380
24,2427
32,2179
53,1529
55,1467
59,1343
87,475
92,320
38,1995
59,1344
60,1313
72,941
80,693
89,414
32,2182
38,1996
77,787
79,725
93,291
31,2214
72,943
28,2308
49,1657
69,1037
70,1006
47,1721
63,1225
79,729
81,667
93,295
41,1908
54,1505
58,1381
41,1909
47,1723
71,979
52,1569
61,1290
26,2376
27,2346
28,2315
59,1354
62,1261
79,734
38,2006
42,1882
51,1603
35,2100
45,1790
48,1697
66,1139
96,209
77,799
82,644
71,986
80,707
48,1700
78,770
89,429
48,1702
55,1485
97,183
54,1517
75,866
80,711
99,123
35,2108
90,403
70,1024
79,745
92,342
28,2327
37,2048
94,282
24,2453
47,1740
95,252
41,1927
100,98
39,1991
87,503
85,566
90,411
32,2210
80,722
86,536
32,2211
33,2180
34,2149
47,1746
54,1529
56,1467
59,1374
29,2305
59,1375
68,1096
25,2430
37,2058
58,1407
93,322
95,260
37,2059
78,788
45,1812
52,1595
55,1502
70,1037
71,1006
32,2216
47,1751
50,1658
51,1627
52,1596
59,1379
64,1224
81,697
53,1567
94,296
66,1165
27,2375
73,949
93,329
94,298
97,205
40,1973
71,1012
55,1509
34,2161
38,2037
47,1758
58,1417
70,1045
37,2069
41,1945
51,1635
77,829
48,1729
78,799
38,2040
69,1079
72,986
79,770
82,677
41,1949
62,1298
70,1050
93,337
38,2043
38,2044
51,1641
66,1176
39,2014
92,371
100,123
37,2077
61,1333
77,837
52,1613
71,1024
80,745
89,466
25,2451
26,2420
77,839
85,591
96,251
62,1306
64,1244
76,872
81,717
88,500
92,376
47,1772
58,1431
69,1090
93,346
73,967
62,1309
68,1123
92,380
95,287
62,1311
81,722
34,2180
36,2118
55,1529
58,1436
70,1064
76,878
94,320
26,2429
55,1530
27,2399
54,1562
96,260
89,478
26,2432
53,1595
56,1502
60,1378
72,1006
82,696
42,1937
47,1782
51,1658
53,1596
65,1225
70,1070
40,2001
60,1381
39,2033
57,1475
89,483
99,173
28,2375
35,2158
48,1755
92,391
28,2376
61,1353
58,1447
70,1075
97,238
39,2037
68,1138
70,1076
47,1790
77,860
80,767
97,240
79,799
83,675
87,551
27,2412
37,2102
48,1761
49,1730
70,1079
89,490
90,459
62,1328
73,987
78,832
80,770
68,1143
71,1050
77,864
97,244
27,2415
32,2260
41,1981
57,1485
98,216
72,1023
39,2047
76,900
94,342
27,2420
33,2234
86,591
38,2080
41,1987
42,1956
61,1367
78,840
80,780
81,749
25,2486
98,223
69,1123
56,1527
79,814
86,597
87,566
33,2241
88,536
97,257
56,1529
60,1405
71,1064
90,475
27,2429
31,2306
40,2027
25,2493
32,2276
38,2090
75,943
80,788
27,2432
47,1812
50,1719
52,1657
93,386
52,1658
79,821
77,884
82,729
92,419
28,2404
83,699
36,2158
55,1569
59,1445
86,608
87,577
48,1787
51,1694
78,857
45,1881
62,1354
77,889
45,1882
71,1076
42,1976
48,1790
64,1294
70,1108
97,271
35,2194
75,954
89,520
48,1792
68,1172
71,1079
28,2414
47,1825
28,2415
32,2291
40,2044
57,1517
58,1486
95,339
57,1518
77,898
38,2108
62,1364
93,403
98,248
28,2419
42,1985
60,1427
65,1272
28,2420
76,932
33,2266
39,2080
97,282
27,2453
32,2298
90,500
47,1834
49,1772
57,1524
61,1400
92,439
59,1463
53,1650
69,1154
35,2209
49,1775
78,876
80,814
82,752
83,721
31,2334
29,2397
34,2242
26,2491
35,2212
76,941
42,1996
75,973
76,942
55,1594
71,1098
28,2432
62,1378
48,1813
53,1658
55,1596
67,1225
69,1163
72,1070
82,760
89,545
27,2468
49,1786
50,1755
97,298
54,1632
98,268
32,2315
62,1385
82,765
97,300
42,2006
69,1169
71,1108
58,1513
75,986
93,429
65,1298
70,1143
92,461
41,2043
69,1175
37,2168
41,2044
64,1331
38,2138
71,1115
92,464
49,1798
72,1085
83,744
29,2419
83,745
92,466
47,1862
76,963
41,2049
58,1522
55,1616
99,252
48,1834
42,2021
66,1277
68,1216
69,1185
73,1061
92,472
93,441
50,1775
76,969
94,411
95,380
98,287
51,1746
54,1653
33,2305
35,2243
77,941
37,2182
42,2027
55,1624
77,942
94,415
48,1842
52,1719
75,1006
40,2092
76,976
77,945
78,914
41,2062
50,1783
73,1070
34,2280
35,2249
43,2001
72,1102
36,2220
57,1569
62,1414
95,391
61,1446
76,981
29,2439
47,1881
42,2037
37,2193
50,1790
86,675
39,2133
42,2040
49,1823
64,1358
72,1110
85,707
47,1887
81,833
82,802
33,2322
42,2043
44,1981
48,1857
55,1641
64,1362
70,1176
80,866
94,432
98,308
37,2200
48,1859
69,1208
93,464
35,2263
62,1427
75,1024
82,807
86,683
32,2358
68,1242
94,436
100,251
95,407
100,252
32,2362
37,2207
93,471
55,1650
62,1433
95,410
97,348
28,2488
80,876
89,597
49,1839
44,1995
70,1189
77,972
78,941
59,1531
85,725
97,353
28,2493
68,1253
53,1719
86,696
51,1782
37,2217
53,1721
69,1225
36,2249
73,1102
78,947
78,948
35,2282
39,2158
41,2096
52,1755
69,1228
83,794
97,360
89,609
39,2160
48,1881
76,1013
87,672
39,2161
75,1045
89,611
32,2379
45,1976
68,1263
83,798
98,333
98,334
31,2412
51,1792
86,707
38,2196
82,832
64,1391
67,1298
51,1795
83,803
94,462
64,1393
71,1176
89,618
93,495
37,2232
51,1798
77,992
98,341
43,2047
64,1396
80,900
34,2327
73,1118
77,994
82,839
41,2111
47,1925
97,375
51,1802
57,1616
32,2392
52,1772
47,1928
56,1649
56,1650
62,1464
73,1123
75,1061
54,1714
86,722
40,2149
75,1064
34,2336
71,1189
79,941
87,693
39,2182
41,2120
64,1407
82,849
79,943
89,633
32,2401
51,1812
87,696
93,510
56,1658
61,1503
81,883
94,480
97,387
36,2279
62,1473
70,1225
86,729
41,2125
82,854
61,1506
82,855
94,483
97,390
42,2096
53,1755
64,1414
97,391
98,360
35,2314
95,454
75,1075
86,734
93,517
58,1603
75,1076
51,1821
59,1573
69,1263
85,767
49,1884
89,644
40,2164
69,1265
75,1079
35,2321
94,492
97,399
98,368
69,1268
87,710
93,524
72,1176
82,866
35,2324
39,2200
39,2201
76,1055
51,1831
77,1025
83,839
62,1491
66,1367
87,716
52,1802
77,1027
81,903
39,2206
42,2113
77,1028
93,532
57,1649
86,750
89,657
35,2332
38,2239
39,2208
57,1650
30,2488
44,2054
53,1775
59,1589
90,628
97,411
77,1032
40,2180
41,2149
71,1219
47,1964
72,1189
81,910
82,879
97,414
98,383
92,571
51,1843
55,1719
78,1006
54,1751
57,1658
81,914
82,883
48,1938
53,1783
71,1225
87,729
64,1444
79,979
80,948
81,917
83,855
41,2158
52,1817
54,1755
86,764
93,547
47,1974
49,1912
64,1447
87,734
89,672
73,1169
76,1076
94,518
62,1511
75,1108
96,457
98,395
61,1543
80,954
33,2412
95,490
58,1638
89,677
97,429
66,1391
58,1641
60,1580
44,2077
68,1333
69,1302
87,745
32,2451
92,591
47,1987
42,2143
69,1306
99,376
86,780
87,749
42,2145
58,1649
58,1651
60,1589
41,2180
42,2149
37,2305
54,1778
92,600
34,2399
47,1996
77,1066
80,973
38,2276
60,1594
64,1470
98,416
53,1812
56,1719
79,1006
39,2247
95,511
41,2186
56,1721
72,1225
39,2249
42,2157
59,1630
82,917
35,2375
55,1755
89,701
97,453
79,1012
83,888
42,2160
88,734
86,799
90,675
36,2350
64,1483
34,2414
70,1298
78,1050
34,2415
73,1206
76,1113
64,1486
66,1424
76,1115
94,557
39,2263
42,2170
80,992
34,2419
60,1613
73,1210
77,1086
39,2265
77,1087
51,1894
81,964
33,2453
73,1213
80,996
100,376
66,1431
47,2021
94,564
40,2239
47,2022
77,1092
54,1806
55,1775
83,907
99,411
34,2427
57,1714
77,1094
89,722
98,443
39,2273
40,2242
66,1436
78,1064
83,909
92,630
48,1995
59,1655
61,1593
45,2090
87,788
94,571
36,2370
38,2308
57,1719
77,1099
79,1037
40,2247
82,945
55,1783
32,2498
51,1909
82,948
51,1910
54,1817
55,1786
56,1755
89,732
89,733
66,1447
78,1075
61,1603
66,1448
79,1045
55,1790
71,1294
88,767
96,519
98,457
49,1977
87,799
95,551
64,1513
86,832
34,2445
54,1826
90,710
73,1238
81,991
89,743
93,619
78,1085
72,1272
36,2389
98,468
41,2236
44,2143
55,1802
61,1616
71,1306
73,1244
54,1834
61,1617
69,1369
72,1277
80,1029
95,564
98,472
47,2054
87,814
71,1311
60,1653
38,2336
62,1593
90,725
76,1160
88,788
37,2370
55,1812
51,1937
60,1658
83,945
96,542
37,2372
56,1783
58,1721
40,2280
61,1629
55,1818
89,764
48,2036
92,672
53,1882
80,1045
93,642
39,2317
72,1294
78,1108
81,1015
53,1884
88,799
97,520
58,1730
70,1358
79,1079
89,770
69,1391
86,864
76,1175
94,618
40,2294
49,2015
81,1023
48,2047
69,1396
81,1024
90,745
95,591
38,2359
98,500
90,749
37,2393
77,1154
81,1030
48,2054
57,1775
58,1744
86,876
72,1311
73,1280
83,970
97,536
41,2273
55,1839
75,1219
39,2336
51,1964
65,1530
87,848
93,662
95,600
64,1562
83,973
47,2090
79,1098
56,1812
59,1719
70,1378
48,2061
47,2093
75,1225
80,1070
81,1039
50,2001
62,1629
79,1102
83,978
47,2095
82,1012
87,857
40,2315
54,1882
61,1665
90,767
51,1977
89,799
71,1358
35,2475
64,1577
87,864
47,2105
80,1082
85,927
89,803
87,866
89,804
92,711
36,2448
70,1394
57,1798
59,1736
77,1178
81,1054
74,1272
82,1024
86,900
93,683
37,2420
77,1180
39,2359
78,1150
83,995
76,1213
94,655
97,562
70,1401
82,1029
94,657
40,2332
59,1744
87,876
70,1404
75,1249
37,2428
45,2180
59,1746
69,1436
92,724
94,662
96,600
38,2399
47,2120
50,2027
85,943
97,571
73,1316
82,1037
86,914
80,1101
89,822
42,2280
54,1908
62,1660
36,2468
37,2437
48,2096
54,1910
76,1228
57,1818
39,2377
55,1881
85,951
48,2100
52,1976
58,1790
80,1108
83,1015
55,1884
59,1760
77,1202
90,799
72,1358
95,646
44,2228
88,864
41,2323
76,1238
86,928
61,1705
61,1706
82,1055
86,931
93,714
49,2080
64,1615
83,1026
42,2298
66,1554
76,1244
77,1213
100,500
89,842
71,1401
54,1929
60,1743
47,2147
53,1961
71,1403
76,1248
81,1093
98,566
39,2396
64,1621
47,2149
67,1529
38,2429
52,1995
67,1530
77,1220
48,2121
49,2090
81,1098
60,1750
81,1099
92,758
76,1255
94,698
48,2125
49,2094
81,1102
86,947
38,2437
49,2096
97,608
73,1353
92,764
47,2160
58,1819
77,1230
56,1882
83,1045
97,611
62,1697
76,1263
86,954
73,1358
76,1265
39,2413
92,770
75,1298
51,2043
82,1082
37,2478
58,1827
48,2138
83,1055
58,1831
90,840
77,1244
77,1245
55,1928
38,2456
77,1247
81,1123
48,2147
64,1651
73,1372
40,2396
72,1404
83,1063
100,536
61,1746
70,1467
80,1157
97,630
48,2150
60,1778
96,662
66,1594
82,1098
92,788
41,2370
73,1378
81,1130
50,2092
44,2279
47,2186
59,1814
78,1225
53,2001
60,1784
69,1505
87,947
51,2064
87,948
92,793
61,1755
72,1414
77,1259
80,1166
58,1849
61,1756
80,1167
90,857
93,764
57,1881
96,672
57,1882
64,1665
75,1325
76,1294
81,1139
92,799
100,551
60,1792
83,1079
93,769
96,676
55,1949
90,864
40,2415
82,1113
52,2044
80,1176
60,1798
61,1767
75,1333
85,1024
59,1831
80,1181
61,1771
59,1834
94,749
39,2456
54,1991
80,1185
82,1123
55,1961
95,722
47,2211
59,1840
94,755
96,693
53,2027
54,1996
87,973
48,2183
51,2090
87,974
44,2308
98,635
51,2093
61,1783
79,1225
49,2157
87,979
55,1973
62,1756
66,1632
93,796
95,734
49,2161
72,1448
93,797
55,1976
69,1542
82,1139
88,954
75,1358
83,1110
41,2413
64,1700
69,1545
72,1452
40,2445
47,2228
51,2104
39,2477
81,1176
83,1114
93,804
97,680
98,649
69,1549
70,1518
86,1023
93,806
53,2047
95,745
43,2358
47,2235
55,1987
69,1553
77,1309
85,1061
39,2488
56,1961
64,1713
72,1465
98,659
61,1807
50,2149
60,1839
70,1529
80,1219
83,1126
93,816
55,1995
70,1530
55,1996
92,849
51,2121
98,664
39,2494
71,1502
87,1006
59,1875
41,2434
59,1876
80,1225
93,822
97,698
98,667
39,2497
42,2404
55,2001
61,1815
92,854
59,1878
61,1816
64,1723
88,979
77,1321
89,949
49,2190
89,950
94,795
44,2346
47,2253
61,1819
98,672
72,1480
82,1170
60,1853
69,1574
73,1450
47,2258
95,770
57,1949
93,833
42,2415
45,2322
47,2260
62,1796
71,1517
82,1176
71,1518
49,2201
54,2047
44,2358
45,2327
94,808
44,2359
47,2266
78,1306
61,1834
89,966
59,1897
96,750
97,719
41,2456
45,2332
86,1061
71,1527
75,1403
82,1186
85,1093
100,628
42,2427
45,2334
47,2273
40,2491
49,2212
71,1530
78,1313
82,1189
92,879
68,1624
82,1190
47,2276
52,2121
85,1098
90,943
95,788
87,1037
88,1006
53,2092
64,1751
76,1379
47,2279
72,1504
86,1070
69,1598
51,2157
64,1754
89,979
48,2251
60,1879
64,1755
71,1539
87,1045
80,1263
42,2442
61,1853
90,954
95,799
99,675
86,1079
89,986
89,987
42,2445
79,1298
87,1050
69,1609
55,2044
69,1610
72,1518
85,1115
47,2294
92,899
43,2419
62,1831
48,2266
54,2080
61,1863
41,2484
42,2453
47,2298
82,1213
73,1493
45,2362
98,719
42,2456
49,2239
48,2271
76,1403
92,907
51,2179
66,1714
77,1373
72,1529
41,2491
77,1375
56,2027
69,1624
97,756
41,2493
69,1625
77,1377
41,2494
70,1595
81,1255
42,2465
62,1845
82,1225
86,1101
66,1722
71,1567
59,1940
61,1878
90,979
49,2251
60,1910
64,1786
80,1290
87,1075
80,1294
85,1139
52,2164
51,2196
95,832
44,2415
64,1795
81,1268
99,710
61,1890
82,1239
89,1022
51,2201
55,2077
57,2015
79,1333
44,2419
48,2295
56,2047
47,2327
89,1025
60,1925
85,1150
89,1026
48,2298
60,1926
72,1554
51,2206
61,1897
89,1029
94,874
86,1123
64,1807
51,2211
52,2180
53,2149
54,2118
75,1467
94,878
47,2336
59,1964
83,1220
57,2027
69,1655
70,1624
87,1098
71,1595
90,1006
83,1224
94,884
49,2280
72,1567
92,947
69,1661
98,762
42,2499
66,1755
95,857
61,1912
64,1819
82,1261
88,1075
92,951
66,1758
64,1823
77,1420
45,2413
48,2320
89,1050
61,1919
100,710
64,1827
70,1641
85,1176
95,866
54,2138
94,898
52,2201
80,1333
89,1054
93,930
93,931
51,2234
47,2359
48,2328
60,1956
96,840
98,779
52,2207
70,1649
70,1650
59,1992
60,1961
62,1899
83,1248
59,1993
49,2305
73,1562
72,1594
92,974
64,1843
65,1812
56,2092
70,1658
83,1255
87,1131
97,821
98,791
50,2280
73,1567
93,947
77,1444
66,1786
86,1166
47,2376
60,1973
49,2315
60,1974
92,982
80,1355
86,1169
88,1108
60,1977
60,1978
80,1358
59,2010
69,1700
47,2383
87,1143
93,958
71,1641
75,1517
98,804
75,1518
79,1394
95,898
61,1953
60,1985
100,745
51,2265
52,2234
94,932
48,2359
62,1925
87,1150
93,964
59,2020
83,1276
96,873
51,2269
71,1649
79,1401
71,1650
77,1464
89,1092
97,844
98,813
44,2488
73,1589
55,2149
75,1529
44,2491
75,1530
86,1189
96,879
57,2090
59,2028
99,788
48,2370
82,1316
52,2247
71,1658
95,914
96,883
77,1473
85,1225
51,2281
59,2033
64,1879
75,1539
48,2377
64,1881
90,1075
55,2161
60,2006
64,1882
76,1510
90,1076
99,799
81,1358
82,1327
90,1079
83,1297
80,1391
97,864
87,1176
97,866
47,2417
48,2386
48,2388
52,2264
69,1737
84,1272
66,1831
51,2298
60,2021
93,999
54,2209
76,1527
45,2489
51,2304
55,2180
62,1964
87,1189
60,2027
80,1407
95,943
100,788
67,1812
70,1719
92,1037
53,2247
72,1658
99,821
70,1721
80,1413
47,2437
73,1631
83,1322
51,2315
93,1013
60,2037
89,1138
92,1045
51,2317
83,1325
89,1139
90,1108
98,860
47,2442
52,2287
62,1977
93,1016
81,1391
62,1981
68,1795
95,958
80,1424
82,1362
61,2014
97,898
48,2418
97,899
54,2233
60,2047
96,931
50,2358
48,2421
53,2266
94,995
99,840
64,1928
85,1277
62,1992
82,1372
49,2397
57,2149
68,1809
98,879
81,1407
83,1345
95,973
71,1719
75,1595
78,1502
54,2247
64,1937
75,1596
77,1534
64,1938
71,1721
87,1225
94,1008
48,2435
53,2280
95,979
70,1755
81,1414
99,857
92,1075
92,1077
94,1015
71,1730
49,2413
72,1700
49,2414
89,1174
99,864
78,1517
58,2138
78,1518
82,1394
82,1395
92,1085
49,2419
51,2358
52,2327
55,2234
77,1552
61,2049
94,1026
100,840
58,2143
69,1803
51,2362
68,1835
98,906
64,1961
70,1775
78,1527
48,2458
55,2241
86,1280
55,2242
57,2180
88,1219
52,2336
77,1562
93,1066
54,2276
60,2090
97,943
47,2494
69,1812
95,1006
55,2247
72,1721
88,1225
59,2125
60,2094
69,1815
72,1722
77,1567
81,1443
47,2498
54,2281
66,1909
81,1444
82,1413
71,1755
86,1290
76,1601
52,2346
97,951
61,2068
82,1417
64,1976
73,1697
68,1853
86,1295
96,985
61,2071
96,987
83,1391
94,1050
100,864
92,1113
97,958
80,1486
92,1114
100,866
93,1084
49,2449
85,1333
93,1085
50,2419
64,1985
52,2358
55,2266
83,1398
49,2453
54,2298
70,1802
78,1554
60,2113
80,1493
66,1928
75,1649
87,1277
48,2487
72,1743
75,1650
82,1433
94,1061
71,1775
79,1527
83,1403
92,1124
68,1869
73,1714
86,1311
77,1591
82,1436
79,1530
90,1189
93,1096
54,2306
64,1996
85,1345
97,973
60,2121
70,1812
75,1658
58,2186
55,2280
82,1443
61,2095
82,1444
52,2375
69,1849
70,1818
79,1539
96,1012
80,1509
76,1634
71,1790
82,1451
69,1855
76,1638
81,1483
52,2383
68,1887
69,1859
80,1518
55,2294
61,2108
51,2420
53,2358
69,1862
94,1087
56,2266
71,1802
87,1306
60,2145
57,2239
82,1464
95,1061
82,1465
94,1093
49,2489
57,2241
77,1621
80,1528
87,1311
82,1467
90,1219
55,2305
87,1313
64,2027
61,2121
99,943
71,1812
81,1502
97,1006
62,2092
77,1627
90,1225
52,2404
72,1784
49,2498
60,2157
64,2033
76,1661
77,1630
83,1444
86,1351
89,1259
71,1818
80,1539
94,1106
95,1075
60,2161
59,2194
99,954
52,2412
81,1513
95,1079
52,2413
52,2415
69,1888
82,1485
95,1082
77,1641
72,1798
87,1333
52,2419
54,2358
57,2266
58,2235
80,1554
68,1927
77,1649
83,1463
77,1650
82,1495
50,2488
77,1651
86,1372
55,2334
59,2210
69,1900
90,1249
71,1839
92,1188
55,2336
78,1624
94,1128
98,1004
75,1719
77,1658
79,1596
51,2465
75,1721
53,2404
82,1505
85,1413
51,2468
72,1817
73,1786
89,1290
98,1012
93,1168
98,1013
66,2006
70,1882
77,1665
97,1045
61,2162
92,1201
89,1295
100,954
87,1358
76,1700
51,2477
77,1671
73,1796
95,1115
96,1084
59,2232
62,2140
90,1272
55,2358
89,1304
55,2359
76,1708
94,1150
83,1492
72,1834
55,2362
78,1649
78,1650
86,1402
76,1713
82,1527
54,2396
94,1156
62,2149
79,1624
64,2090
80,1594
94,1160
87,1378
96,1099
87,1379
95,1131
92,1225
81,1567
51,2498
69,1940
92,1227
51,2499
75,1755
68,1973
94,1167
57,2315
71,1881
96,1106
71,1882
69,1948
64,2105
62,2168
79,1641
81,1580
58,2294
64,2108
97,1085
68,1985
56,2358
68,1987
83,1523
92,1244
98,1058
69,1958
85,1462
86,1431
94,1183
82,1556
76,1743
79,1650
83,1526
97,1092
52,2488
66,2054
75,1775
57,2334
59,2272
80,1621
64,2118
85,1467
93,1219
94,1188
96,1128
76,1749
97,1098
74,1812
88,1378
100,1006
61,2216
77,1720
59,2279
62,2186
75,1783
76,1752
55,2404
98,1072
87,1414
86,1448
75,1790
85,1480
77,1729
55,2412
64,2133
97,1110
78,1700
93,1236
55,2415
95,1176
54,2449
75,1798
55,2419
60,2264
61,2233
57,2358
93,1242
57,2359
75,1802
57,2362
64,2145
76,1774
80,1650
53,2488
62,2209
69,1992
78,1713
88,1403
59,2303
61,2241
77,1745
78,1714
94,1219
84,1530
56,2399
69,1996
59,2307
62,2214
75,1812
80,1657
97,1130
62,2216
80,1658
82,1596
89,1379
78,1721
54,2466
94,1226
61,2250
86,1475
59,2314
75,1818
85,1509
80,1665
70,1976
81,1635
64,2164
78,1730
99,1079
55,2445
71,1949
85,1518
56,2419
82,1613
55,2453
62,2236
85,1524
64,2176
89,1401
96,1185
61,2271
71,1961
57,2396
95,1219
96,1188
85,1530
70,1996
93,1283
81,1657
64,2187
70,2001
62,2250
78,1755
82,1631
93,1290
94,1259
85,1539
58,2377
59,2346
100,1075
73,1913
61,2287
79,1730
100,1079
59,2351
93,1297
56,2445
58,2383
60,2321
57,2415
64,2198
87,1485
59,2355
90,1394
57,2419
89,1427
97,1181
83,1617
55,2488
72,1961
78,1775
92,1341
64,2210
66,2149
86,1529
88,1467
97,1188
64,2212
71,1995
58,2399
70,2027
71,1996
92,1345
64,2214
82,1657
87,1502
89,1440
78,1782
78,1783
87,1504
71,2001
89,1443
69,2064
77,1816
82,1661
94,1289
59,2375
80,1724
83,1632
89,1447
75,1882
59,2379
60,2348
100,1108
72,1977
75,1884
61,2319
66,2164
94,1296
57,2445
77,1825
59,2384
95,1268
94,1300
61,2325
62,2294
71,2015
61,2326
58,2420
60,2359
64,2235
78,1802
89,1462
89,1463
80,1743
94,1309
56,2488
87,1527
93,1341
61,2336
71,2027
88,1502
93,1347
64,2248
97,1225
66,2187
69,2095
70,2064
86,1569
96,1259
64,2253
83,1664
73,1976
82,1697
58,2442
66,2196
82,1700
93,1359
94,1328
95,1298
66,2198
73,1981
82,1702
98,1207
93,1364
83,1675
85,1613
60,2389
93,1366
79,1802
87,1554
82,1710
58,2456
76,1898
80,1774
98,1216
73,1992
81,1744
88,1527
89,1496
90,1467
92,1405
57,2491
88,1530
86,1594
76,1905
81,1750
86,1595
93,1378
97,1255
82,1721
61,2373
87,1567
71,2064
87,1569
92,1414
79,1818
81,1756
88,1539
83,1695
89,1509
98,1230
69,2131
83,1697
96,1294
64,2287
89,1513
93,1389
73,2010
69,2135
82,1732
72,2044
77,1889
93,1393
89,1518
93,1394
82,1736
60,2419
62,2358
80,1802
82,1740
81,1772
66,2239
83,1713
61,2396
96,1311
69,2149
58,2491
68,2182
86,1624
71,2090
61,2401
64,2308
80,1812
90,1502
71,2092
82,1751
87,1596
77,1907
62,2374
82,1754
92,1444
93,1413
97,1289
80,1817
80,1818
89,1539
92,1448
95,1355
98,1263
61,2412
69,2164
92,1451
61,2413
68,2196
96,1328
60,2445
83,1732
97,1298
59,2478
69,2168
82,1765
72,2077
94,1395
73,2047
87,1613
94,1396
66,2266
73,2049
92,1460
97,1306
68,2206
69,2175
60,2456
82,1774
95,1372
62,2396
97,1311
99,1249
70,2149
90,1529
76,1964
62,2399
87,1624
89,1562
68,2214
59,2494
80,1843
88,1595
95,1378
86,1658
60,2465
100,1225
92,1475
96,1351
60,2468
90,1539
94,1415
96,1354
79,1882
86,1665
96,1355
64,2348
66,2287
81,1823
93,1451
97,1328
81,1825
87,1641
94,1424
95,1394
98,1301
82,1798
99,1272
62,2420
64,2358
69,2206
92,1493
78,1928
87,1650
81,1837
82,1806
95,1403
97,1341
69,2210
95,1404
100,1249
71,2149
97,1343
66,2305
72,2121
77,1966
87,1658
92,1504
85,1722
90,1567
94,1443
73,2095
60,2499
83,1786
81,1849
69,2222
82,1819
69,2223
82,1823
85,1730
61,2475
68,2258
83,1793
99,1298
73,2105
61,2478
93,1486
81,1860
100,1272
64,2389
66,2327
72,2143
88,1649
78,1961
83,1806
96,1403
64,2396
72,2149
96,1405
66,2336
96,1407
97,1379
69,2249
77,2001
86,1722
85,1755
82,1849
96,1415
93,1510
66,2348
89,1638
94,1483
83,1825
98,1360
89,1641
64,2417
77,2017
89,1646
93,1523
85,1772
80,1928
89,1649
77,2022
89,1650
87,1714
72,2180
96,1436
78,1995
94,1502
70,2247
75,2092
82,1876
92,1567
64,2436
81,1910
86,1755
79,1973
78,2006
86,1758
79,1976
85,1790
95,1480
96,1451
72,2196
80,1949
82,1887
72,2198
83,1857
68,2323
98,1394
82,1891
92,1581
89,1675
70,2266
80,1956
77,2050
81,1926
90,1649
90,1650
92,1589
76,2086
98,1406
79,1996
77,2059
88,1719
99,1378
71,2247
83,1875
86,1782
90,1658
98,1410
70,2280
93,1567
83,1879
87,1755
89,1694
69,2315
69,2318
66,2412
85,1823
73,2196
72,2228
80,1981
82,1919
66,2419
71,2266
82,1925
82,1926
86,1802
98,1430
77,2082
95,1524
77,2083
72,2239
98,1434
72,2241
83,1900
95,1529
98,1436
64,2491
69,2336
70,2305
73,2212
80,1995
95,1530
79,2027
92,1624
76,2121
82,1935
97,1470
93,1595
98,1440
100,1378
89,1721
96,1504
71,2280
87,1786
81,1973
70,2315
80,2006
97,1480
76,2133
98,1451
68,2383
70,2322
79,2044
96,1517
97,1486
100,1394
77,2108
67,2419
72,2266
92,1646
71,2298
98,1463
70,2332
83,1929
92,1650
98,1464
89,1744
94,1589
100,1403
73,2242
89,1746
71,2305
80,2027
78,2090
87,1812
92,1657
92,1658
90,1721
77,2127
86,1849
94,1601
71,2315
73,2253
77,2130
92,1665
76,2162
87,1823
77,2134
82,1979
93,1638
71,2322
89,1765
72,2294
89,1767
68,2420
71,2327
76,2172
96,1554
71,2332
82,1991
83,1961
69,2397
73,2273
87,1839
97,1529
99,1467
71,2336
72,2305
97,1530
76,2182
94,1624
88,1812
89,1783
90,1755
82,2006
98,1511
82,2008
81,2040
76,2198
81,2043
82,2014
73,2294
82,2015
83,1987
92,1708
69,2422
93,1679
72,2332
94,1650
76,2209
82,2023
69,2427
72,2334
95,1621
78,2149
72,2336
82,2027
97,1562
99,1502
70,2404
86,1912
87,1882
90,1790
92,1729
69,2443
70,2412
89,1824
70,2414
89,1827
73,2324
83,2014
97,1581
70,2419
75,2266
85,1956
77,2206
81,2083
86,1928
95,1650
83,2023
89,1837
71,2397
79,2149
93,1716
71,2399
83,2027
100,1502
95,1658
81,2093
92,1752
93,1722
93,1727
83,2039
94,1698
71,2412
76,2257
73,2351
94,1700
70,2445
71,2414
97,1609
89,1858
77,2232
82,2077
92,1767
80,2143
98,1586
87,1928
93,1742
96,1649
94,1713
100,1527
72,2397
79,2180
80,2149
100,1529
76,2274
78,2212
85,1995
72,2399
81,2121
82,2090
93,1749
82,2093
92,1784
97,1630
89,1881
89,1884
72,2412
80,2164
83,2071
71,2445
82,2104
87,1949
72,2415
86,1981
89,1890
98,1612
97,1646
78,2239
89,1898
70,2488
87,1961
95,1713
76,2303
94,1746
82,2120
85,2027
93,1779
97,1655
72,2432
94,1750
97,1657
93,1782
94,1751
77,2279
83,2093
89,1908
85,2033
94,1754
98,1630
89,1910
77,2283
80,2190
87,1973
87,1976
76,2319
80,2196
82,2135
76,2324
82,2138
86,2015
75,2358
73,2421
77,2297
78,2266
89,1925
72,2453
94,1771
92,1834
80,2207
98,1650
71,2488
82,2147
73,2427
77,2304
96,1719
94,1783
96,1722
82,2161
77,2317
93,1821
78,2287
82,2164
86,2040
93,1825
87,2017
98,1677
73,2456
96,1743
99,1650
81,2209
86,2054
95,1775
97,1713
82,2179
81,2212
75,2399
87,2027
97,1719
99,1658
83,2155
95,1783
96,1752
97,1721
75,2404
88,2001
72,2498
93,1847
80,2251
95,1786
89,1974
82,2192
92,1882
94,1821
95,1790
77,2350
82,2196
81,2228
77,2355
87,2047
89,1985
86,2080
73,2484
96,1772
100,1649
100,1650
90,1961
73,2489
81,2241
82,2211
79,2305
88,2027
93,1873
95,1812
98,1720
100,1658
80,2279
77,2373
92,1908
97,1755
83,2190
95,1818
92,1912
93,1881
80,2287
81,2258
75,2445
81,2260
96,1795
87,2077
88,2047
81,2266
89,2020
93,1899
93,1900
95,1839
79,2336
77,2401
99,1719
87,2092
92,1937
81,2279
90,2001
76,2437
83,2220
96,1817
78,2376
76,2439
85,2161
89,2037
98,1759
81,2287
78,2383
97,1795
89,2044
81,2294
97,1798
76,2451
80,2327
98,1769
83,2236
86,2145
98,1773
76,2458
80,2336
81,2308
100,1719
88,2092
82,2281
93,1941
81,2315
95,1882
89,2069
97,1821
77,2442
95,1884
78,2414
89,2073
93,1949
97,1826
97,1827
83,2262
93,1953
78,2419
90,2047
92,1985
87,2143
83,2268
80,2362
94,1928
93,1961
86,2180
78,2429
79,2399
93,1965
76,2494
96,1879
96,1882
81,2348
77,2476
78,2445
82,2321
85,2228
89,2104
94,1949
83,2291
77,2480
89,2108
94,1953
77,2481
79,2419
98,1832
78,2453
86,2206
78,2456
82,2332
83,2301
77,2488
100,1775
77,2489
80,2396
82,2334
89,2125
96,1908
81,2375
98,1852
100,1790
80,2412
83,2319
89,2133
82,2351
93,2011
80,2415
89,2136
83,2324
85,2264
94,1987
89,2145
94,1991
78,2488
78,2491
80,2432
93,2029
100,1812
96,1937
96,1938
97,1908
97,1909
86,2251
89,2158
97,1910
81,2412
98,1892
97,1925
80,2456
81,2425
87,2239
81,2427
87,2241
87,2242
90,2149
85,2305
95,1996
87,2247
86,2279
86,2280
89,2187
95,2001
94,2034
83,2376
98,1912
89,2192
99,1882
81,2442
89,2194
83,2383
93,2074
86,2294
95,2015
82,2419
82,2421
87,2266
94,2049
92,2113
89,2207
98,1928
85,2334
83,2397
92,2118
97,1964
89,2216
81,2466
82,2435
80,2498
86,2315
97,1974
97,1981
82,2449
83,2419
96,2017
97,1987
82,2453
87,2298
85,2362
83,2425
93,2115
86,2334
83,2429
83,2430
88,2280
97,2001
81,2498
95,2064
85,2376
87,2315
83,2444
93,2136
92,2170
93,2140
86,2358
86,2359
86,2362
89,2269
87,2332
96,2054
99,1961
89,2273
87,2336
90,2247
95,2092
82,2497
85,2404
86,2375
93,2158
97,2034
86,2376
92,2190
93,2161
89,2287
94,2133
83,2475
94,2135
97,2043
93,2168
89,2294
90,2266
87,2362
86,2399
96,2092
90,2280
94,2157
85,2437
87,2375
96,2096
87,2376
97,2069
86,2413
87,2383
92,2233
88,2358
93,2206
87,2396
92,2241
97,2086
93,2212
99,2027
93,2217
94,2187
95,2161
86,2442
96,2133
87,2415
92,2260
92,2263
99,2047
92,2265
93,2235
96,2145
92,2271
94,2210
87,2429
88,2399
85,2493
92,2279
94,2219
87,2437
98,2101
97,2138
88,2419
100,2047
90,2358
94,2234
87,2453
89,2397
94,2243
95,2212
89,2399
94,2250
87,2468
96,2190
89,2409
97,2161
89,2412
89,2415
94,2263
89,2420
92,2327
87,2488
94,2271
87,2489
95,2242
90,2399
89,2434
93,2315
93,2322
97,2201
96,2239
88,2488
97,2210
99,2149
97,2212
97,2222
98,2198
96,2263
97,2233
94,2329
89,2488
92,2399
97,2247
89,2499
98,2220
95,2322
98,2231
97,2264
94,2362
97,2271
95,2336
93,2399
97,2276
92,2436
93,2409
97,2287
97,2294
98,2263
94,2389
96,2327
93,2422
95,2362
96,2332
96,2336
98,2275
97,2308
93,2437
94,2408
94,2414
97,2321
97,2322
98,2294
94,2421
93,2453
95,2396
95,2397
94,2430
92,2493
94,2437
97,2346
95,2412
95,2415
93,2481
95,2419
98,2326
97,2359
100,2266
93,2494
96,2404
100,2280
96,2414
98,2355
97,2404
96,2436
95,2468
97,2413
97,2417
97,2419
99,2358
96,2465
97,2437
100,2358
99,2404
97,2468
99,2419
97,2484
97,2499
100,2488
