id,createdOn,creator_id,content_id
1,2013-06-01,10,3
2,2013-02-08,33,2
3,2015-11-11,25,4
4,2008-03-24,1,3
5,2009-11-06,85,2
6,2015-05-13,80,2
7,2009-01-12,4,2
8,2009-06-22,46,1
9,2015-10-21,37,3
10,2014-04-01,95,1
11,2013-11-04,57,1
12,2014-09-15,64,4
13,2007-02-23,46,3
14,2010-03-24,79,2
15,2013-05-06,26,1
16,2015-03-30,86,4
17,2015-10-20,48,3
18,2007-09-17,71,4
19,2011-08-07,38,2
20,2010-12-13,7,1
21,2008-11-02,84,1
22,2013-05-17,81,1
23,2010-12-11,56,1
24,2015-08-09,18,3
25,2010-02-09,44,1
26,2010-05-13,84,2
27,2015-09-03,48,2
28,2004-09-09,12,4
29,2013-07-11,33,3
30,2015-03-10,69,3
31,2002-01-20,63,1
32,2013-11-30,83,3
33,2014-08-13,65,2
34,2004-01-15,16,1
35,2012-11-02,33,4
36,2015-10-09,6,4
37,2015-07-15,98,3
38,2011-04-12,78,3
39,2015-12-07,87,4
40,2015-12-30,69,4
41,2014-09-16,95,1
42,2007-04-18,30,4
43,2012-01-24,54,4
44,2008-04-10,11,2
45,2013-04-20,4,4
46,2011-11-25,42,4
47,2012-07-11,28,2
48,2011-06-25,92,3
49,2010-03-03,57,1
50,2013-04-27,68,2
51,2014-12-19,52,4
52,2015-08-21,23,2
53,2015-07-01,77,4
54,2004-11-17,99,4
55,2008-08-25,4,4
56,2013-09-08,22,2
57,2007-12-01,4,3
58,2009-12-30,1,1
59,2011-09-01,60,1
60,2007-01-06,74,4
61,2012-02-06,42,1
62,2014-10-09,68,3
63,2013-02-24,89,1
64,2012-01-19,6,2
65,2013-12-06,51,1
66,2014-12-15,47,2
67,2013-11-15,89,4
68,2010-10-28,53,2
69,2011-01-31,55,2
70,2008-03-18,7,1
71,2014-07-23,39,3
72,2012-11-08,17,2
73,2014-07-26,36,1
74,2015-09-01,48,2
75,2014-03-11,73,3
76,2011-06-20,56,1
77,2011-08-28,85,3
78,2008-06-25,4,4
79,2003-11-16,19,3
80,2006-07-20,4,1
81,2014-01-09,27,4
82,2008-08-10,8,1
83,2013-08-08,94,2
84,2012-10-31,64,3
85,2014-05-17,20,4
86,2015-05-20,36,3
87,2015-11-02,48,1
88,2014-09-10,7,2
89,2014-05-03,10,3
90,2013-05-18,97,3
91,2008-03-16,12,1
92,2013-07-13,38,1
93,2013-05-08,42,4
94,2015-10-29,77,1
95,2015-11-09,25,4
96,2012-10-28,66,3
97,2013-10-14,99,2
98,2004-04-04,5,1
99,2015-06-13,73,1
100,2015-08-21,69,1
101,2010-03-29,17,4
102,2015-12-19,36,1
103,2013-08-25,35,2
104,2006-06-14,43,1
105,2014-07-24,60,2
106,2013-02-27,34,3
107,2005-12-20,43,3
108,2015-04-24,35,2
109,2014-09-14,61,2
110,2015-10-08,25,1
111,2012-07-21,23,4
112,2011-12-24,49,2
113,2008-03-28,33,2
114,2013-12-16,32,3
115,2015-05-31,21,1
116,2014-07-13,31,2
117,2010-03-05,78,1
118,2006-09-01,100,3
119,2013-07-04,53,2
120,2015-06-24,42,1
121,2007-03-17,11,3
122,2005-12-29,53,1
123,2003-06-01,5,2
124,2014-06-27,19,3
125,2015-11-26,13,1
126,2009-06-12,91,2
127,2012-11-26,1,3
128,2012-05-27,97,3
129,2015-05-16,18,1
130,2015-07-28,62,2
131,2015-10-12,98,2
132,2015-01-19,86,2
133,2006-02-26,91,4
134,2013-01-16,100,2
135,2015-11-20,56,1
136,2015-04-30,3,4
137,2014-09-07,23,4
138,2009-04-14,4,2
139,2013-08-04,3,4
140,2007-05-20,99,1
141,2015-09-23,6,3
142,2011-05-01,78,4
143,2014-09-28,11,3
144,2011-09-29,8,2
145,2009-08-04,45,4
146,2012-08-04,64,4
147,2007-09-23,53,2
148,2010-10-03,23,1
149,2015-12-23,39,4
150,2006-10-08,12,3
151,2015-07-27,98,2
152,2015-11-16,83,3
153,2015-12-24,31,3
154,2012-05-16,72,3
155,2011-12-11,95,3
156,2015-09-17,82,3
157,2014-01-18,10,1
158,2006-02-10,12,3
159,2015-09-24,93,3
160,2014-03-17,96,4
161,2009-05-27,71,1
162,2013-11-30,12,4
163,2012-02-23,72,2
164,2012-10-05,2,4
165,2009-02-11,79,2
166,2012-10-09,24,4
167,2012-06-19,34,4
168,2013-11-23,88,2
169,2014-12-29,68,3
170,2012-09-04,97,3
171,2009-08-10,87,3
172,2015-02-22,93,2
173,2004-06-09,43,4
174,2008-11-17,63,1
175,2011-05-12,28,1
176,2015-09-03,5,4
177,2010-06-26,44,3
178,2015-12-16,51,1
179,2013-08-24,81,1
180,2015-02-21,89,2
181,2015-06-29,98,2
182,2015-08-13,8,1
183,2007-09-22,4,2
184,2015-09-23,25,1
185,2015-11-20,25,1
186,2012-05-05,47,4
187,2015-02-12,73,1
188,2013-03-17,55,1
189,2015-01-08,42,4
190,2015-09-12,13,2
191,2013-01-30,42,1
192,2015-08-17,98,1
193,2015-09-24,23,3
194,2014-04-27,61,1
195,2010-02-02,79,3
196,2013-10-23,47,4
197,2013-08-08,49,1
198,2012-01-17,28,4
199,2010-10-23,80,2
200,2013-10-29,3,3
201,2008-01-06,7,2
202,2012-03-10,38,1
203,2008-12-18,43,4
204,2010-06-22,52,3
205,2009-12-08,90,4
206,2010-07-20,52,3
207,2015-04-16,77,1
208,2008-07-11,95,4
209,2008-07-15,45,4
210,2014-06-20,53,2
211,2014-08-15,66,1
212,2015-02-18,21,2
213,2014-09-15,68,4
214,2013-01-13,87,2
215,2014-07-16,43,4
216,2013-02-09,68,2
217,2015-09-17,2,1
218,2015-03-11,62,4
219,2008-08-28,20,1
220,2015-07-15,93,2
221,2014-06-29,8,1
222,2007-01-28,53,4
223,2010-07-23,4,2
224,2015-06-04,93,2
225,2015-12-12,50,2
226,2015-04-21,77,4
227,2015-06-13,58,3
228,2010-05-01,85,2
229,2015-11-12,66,2
230,2015-05-03,83,2
231,2013-02-11,19,4
232,2015-11-17,16,1
233,2013-04-03,74,3
234,2014-09-22,2,1
235,2014-08-15,21,2
236,2015-04-29,49,3
237,2015-08-21,84,4
238,2005-03-08,88,3
239,2008-11-13,63,4
240,2003-07-04,91,4
241,2014-12-04,41,3
242,2014-10-16,72,4
243,2015-12-24,3,2
244,2010-10-11,87,2
245,2011-08-14,24,3
246,2015-07-15,87,3
247,2014-01-20,2,3
248,2013-06-26,94,3
249,2015-05-28,98,2
250,2012-05-07,24,4
251,2004-01-11,8,4
252,2002-09-21,65,3
253,2014-02-20,46,4
254,2006-01-08,65,3
255,2015-11-21,51,3
256,2015-07-13,26,1
257,2009-04-18,11,3
258,2015-08-07,61,3
259,2013-03-27,66,3
260,2005-10-16,53,1
261,2011-08-20,30,1
262,2015-05-17,94,2
263,2015-11-13,31,4
264,2013-05-27,54,1
265,2014-11-14,31,3
266,2011-11-01,42,3
267,2005-08-02,50,2
268,2013-01-16,68,2
269,2015-06-19,21,3
270,2011-06-09,4,3
271,2007-12-28,70,4
272,2014-07-03,29,1
273,2015-04-01,3,3
274,2010-06-09,86,4
275,2015-05-03,69,1
276,2012-09-02,2,4
277,2009-03-30,88,1
278,2013-12-13,97,3
279,2011-09-24,6,4
280,2015-06-07,57,3
281,2014-10-09,72,1
282,2008-05-11,46,4
283,2015-02-08,80,2
284,2013-09-18,58,3
285,2010-06-14,1,3
286,2013-05-26,49,4
287,2006-10-30,90,3
288,2013-04-06,56,4
289,2015-07-30,83,2
290,2015-03-29,21,4
291,2012-03-28,26,1
292,2010-10-09,87,2
293,2015-03-31,77,1
294,2015-10-29,68,3
295,2009-09-20,7,1
296,2012-05-22,46,4
297,2012-02-21,2,3
298,2011-01-19,86,3
299,2010-04-29,5,1
300,2008-06-03,20,4
301,2012-01-22,40,2
302,2015-03-03,47,4
303,2015-01-02,61,4
304,2013-12-31,100,3
305,2011-11-24,1,2
306,2009-08-03,79,3
307,2015-09-25,48,1
308,2005-06-14,30,1
309,2011-03-11,9,4
310,2010-05-24,72,4
311,2015-09-05,6,1
312,2014-11-24,81,2
313,2015-05-01,69,2
314,2013-06-17,3,3
315,2015-02-28,29,4
316,2015-02-14,81,1
317,2015-10-13,48,1
318,2012-04-29,28,4
319,2015-03-21,93,3
320,2005-06-30,12,2
321,2014-02-02,5,1
322,2012-10-26,12,1
323,2015-07-27,11,2
324,2015-09-01,31,1
325,2012-01-15,54,3
326,2015-12-26,87,1
327,2015-06-06,28,2
328,2014-11-20,35,4
329,2008-06-18,100,1
330,2014-06-22,49,1
331,2011-08-08,60,4
332,2013-05-14,54,4
333,2011-05-23,86,3
334,2014-06-25,58,1
335,2015-11-03,37,3
336,2015-12-26,61,2
337,2011-04-29,16,1
338,2013-12-02,97,1
339,2006-05-29,99,3
340,2014-05-31,41,1
341,2014-10-21,10,1
342,2008-08-02,65,1
343,2015-01-12,44,3
344,2014-10-07,83,2
345,2014-03-30,24,4
346,2015-01-15,32,3
347,2015-07-14,94,3
348,2010-12-27,38,4
349,2011-02-02,33,1
350,2013-10-20,23,3
351,2015-12-30,37,4
352,2005-05-10,90,4
353,2011-04-29,34,4
354,2013-01-13,96,2
355,2009-08-09,85,2
356,2014-06-06,40,2
357,2014-07-19,41,2
358,2015-10-29,40,3
359,2013-02-16,89,1
360,2011-07-13,34,3
361,2015-04-15,85,2
362,2011-10-16,88,4
363,2015-09-16,76,1
364,2015-09-15,89,3
365,2011-08-26,26,1
366,2013-02-24,41,3
367,2014-09-22,18,2
368,2009-07-24,87,3
369,2012-09-22,55,1
370,2015-10-19,37,2
371,2010-08-13,71,1
372,2013-07-27,20,2
373,2012-12-20,53,3
374,2014-09-21,67,4
375,2009-01-01,45,2
376,2002-10-03,91,1
377,2014-12-11,54,1
378,2015-11-20,25,2
379,2014-11-01,81,4
380,2005-04-08,12,2
381,2015-09-29,21,1
382,2015-11-19,77,1
383,2014-03-22,62,1
384,2013-01-31,81,1
385,2013-11-01,26,2
386,2004-11-15,46,4
387,2009-06-03,43,1
388,2015-05-20,71,1
389,2015-11-23,48,4
390,2010-10-29,78,3
391,2004-10-16,99,2
392,2013-07-13,39,1
393,2015-10-05,68,3
394,2012-04-05,47,4
395,2013-01-01,88,2
396,2015-10-07,98,3
397,2015-12-14,93,3
398,2012-10-12,11,3
399,2008-06-30,71,2
400,2009-08-26,99,1
401,2014-05-31,28,1
402,2015-06-27,98,3
403,2005-03-07,88,1
404,2013-08-25,66,3
405,2015-07-16,6,2
406,2007-07-12,12,3
407,2005-09-15,16,2
408,2013-11-19,89,4
409,2014-08-02,3,1
410,2007-11-10,46,1
411,2003-03-22,67,1
412,2013-12-13,68,1
413,2015-07-18,59,4
414,2010-10-29,63,2
415,2012-02-01,92,3
416,2007-12-19,30,4
417,2014-08-18,60,1
418,2012-08-27,84,2
419,2008-09-03,34,3
420,2015-11-21,55,3
421,2015-10-19,13,1
422,2007-07-05,63,4
423,2013-02-08,42,3
424,2015-09-02,37,4
425,2009-07-31,95,3
426,2015-12-26,37,3
427,2013-02-24,57,3
428,2015-08-24,29,3
429,2010-04-05,11,2
430,2015-02-14,29,1
431,2014-04-24,61,3
432,2011-01-08,5,3
433,2015-09-22,32,3
434,2015-02-16,34,4
435,2014-06-21,89,1
436,2011-01-20,17,2
437,2013-07-27,87,1
438,2015-09-13,41,1
439,2010-05-09,71,2
440,2015-08-20,72,3
441,2014-05-07,35,2
442,2013-03-10,2,4
443,2013-04-20,3,3
444,2015-08-26,58,1
445,2010-12-21,12,4
446,2015-09-26,25,3
447,2010-11-16,50,1
448,2014-10-13,12,1
449,2015-07-27,42,2
450,2015-10-26,14,3
451,2015-12-05,73,1
452,2014-11-08,61,3
453,2010-11-28,24,1
454,2007-10-01,7,2
455,2015-11-26,89,4
456,2012-03-26,53,2
457,2008-11-14,19,1
458,2014-11-27,59,4
459,2001-01-07,91,3
460,2009-08-25,45,4
461,2008-02-15,71,4
462,2010-05-20,87,2
463,2015-01-13,15,2
464,2009-07-13,84,1
465,2015-12-15,66,1
466,2009-01-29,78,4
467,2015-11-28,83,3
468,2012-08-20,74,3
469,2008-02-08,50,1
470,2014-03-31,41,3
471,2011-06-23,86,3
472,2009-10-23,1,2
473,2011-12-10,12,3
474,2015-12-22,29,4
475,2005-04-04,46,2
476,2014-04-07,97,1
477,2015-09-02,31,1
478,2011-10-28,66,3
479,2014-12-22,69,3
480,2010-12-15,53,1
481,2012-04-24,53,1
482,2014-05-05,36,3
483,2012-05-08,97,3
484,2013-02-02,44,1
485,2012-07-07,51,2
486,2015-12-22,48,4
487,2014-05-04,89,3
488,2015-08-02,87,3
489,2014-11-06,18,4
490,2007-11-22,56,2
491,2015-07-30,17,1
492,2011-07-04,27,2
493,2009-02-21,34,3
494,2014-03-07,60,1
495,2009-05-05,46,4
496,2015-09-07,69,2
497,2015-08-27,83,2
498,2014-05-02,29,3
499,2015-02-14,77,2
500,2005-01-25,12,1
501,2013-02-02,3,3
502,2012-03-28,22,2
503,2008-05-30,71,4
504,2005-06-15,91,3
505,2015-10-08,25,2
506,2012-09-11,4,4
507,2015-12-16,27,2
508,2012-04-04,42,2
509,2013-09-20,30,3
510,2014-12-14,67,3
511,2006-02-27,88,1
512,2012-09-28,22,4
513,2014-02-21,83,2
514,2015-12-04,93,2
515,2007-07-05,50,3
516,2015-12-19,94,1
517,2014-04-15,23,4
518,2013-03-14,95,1
519,2011-02-02,66,3
520,2008-05-13,22,1
521,2014-06-14,44,2
522,2013-12-31,53,2
523,2012-11-12,24,1
524,2014-11-11,99,3
525,2014-07-09,83,3
526,2015-11-03,25,1
527,2013-11-17,82,1
528,2015-07-10,52,2
529,2014-01-19,31,3
530,2015-08-23,44,1
531,2014-07-04,96,3
532,2014-10-28,60,2
533,2008-08-30,87,2
534,2015-06-27,89,4
535,2014-12-23,83,4
536,2004-08-12,91,4
537,2013-10-17,32,4
538,2014-07-16,39,4
539,2012-04-24,24,3
540,2013-10-25,44,2
541,2015-10-31,26,4
542,2011-01-29,88,4
543,2014-04-09,64,4
544,2007-05-11,50,3
545,2005-09-25,8,4
546,2015-07-29,18,3
547,2013-04-16,3,1
548,2013-03-14,96,4
549,2015-09-12,51,4
550,2015-11-02,51,1
551,2002-04-17,63,1
552,2009-05-12,55,1
553,2011-03-18,1,2
554,2015-10-26,98,3
555,2011-08-02,72,1
556,2015-11-21,48,4
557,2012-05-01,47,2
558,2015-05-06,29,2
559,2012-02-17,75,3
560,2010-09-15,80,1
561,2015-09-02,21,3
562,2008-05-23,99,4
563,2014-10-07,36,2
564,2007-10-01,50,3
565,2014-05-23,94,3
566,2008-03-31,40,2
567,2015-11-21,77,4
568,2011-04-03,49,3
569,2015-01-10,18,4
570,2014-09-25,18,3
571,2005-09-25,90,3
572,2014-05-20,64,2
573,2005-07-09,30,1
574,2013-09-17,76,3
575,2011-04-18,17,3
576,2011-10-29,27,4
577,2007-04-04,88,2
578,2014-04-13,66,2
579,2015-12-03,77,2
580,2007-08-23,53,3
581,2012-03-29,81,2
582,2013-02-01,70,3
583,2012-12-19,81,3
584,2015-09-15,65,2
585,2012-05-12,84,2
586,2013-11-24,22,3
587,2015-11-29,48,3
588,2013-10-31,15,2
589,2014-02-02,26,2
590,2012-10-28,85,2
591,2006-09-24,99,4
592,2014-11-21,54,3
593,2014-12-04,62,1
594,2014-11-04,61,4
595,2015-10-13,16,1
596,2015-03-06,21,1
597,2006-11-27,79,3
598,2013-11-14,19,2
599,2015-07-16,3,3
600,2007-08-16,8,3
601,2005-10-11,11,1
602,2011-04-16,84,1
603,2011-11-09,57,4
604,2011-06-20,30,3
605,2015-03-25,80,1
606,2015-06-07,36,3
607,2012-09-23,6,2
608,2009-10-17,1,3
609,2012-04-12,22,2
610,2015-09-20,14,2
611,2010-04-05,80,1
612,2015-10-17,35,3
613,2015-01-11,82,1
614,2015-08-29,13,2
615,2014-03-11,47,4
616,2015-02-28,77,1
617,2014-06-03,74,4
618,2012-04-25,54,1
619,2012-05-04,1,1
620,2015-09-20,8,2
621,2015-06-01,95,1
622,2015-06-14,69,3
623,2015-05-25,93,1
624,2014-07-02,89,3
625,2015-12-16,93,3
626,2012-10-13,27,1
627,2013-10-18,97,2
628,2002-06-09,46,3
629,2009-11-17,71,2
630,2005-03-23,30,3
631,2009-04-29,70,3
632,2015-10-20,5,1
633,2009-08-02,14,4
634,2015-12-22,30,2
635,2014-10-31,92,4
636,2015-12-27,37,1
637,2015-03-07,93,2
638,2012-12-24,55,1
639,2013-08-23,44,3
640,2014-03-08,62,3
641,2013-10-26,79,2
642,2014-10-27,82,4
643,2012-02-26,7,2
644,2010-10-29,19,2
645,2015-02-01,77,1
646,2006-11-13,75,1
647,2011-07-27,22,1
648,2012-09-04,55,1
649,2012-10-02,6,3
650,2014-03-26,46,1
651,2012-10-23,34,2
652,2014-01-29,54,2
653,2014-07-18,3,1
654,2015-08-05,36,3
655,2013-01-06,27,1
656,2014-03-23,86,1
657,2012-08-02,87,4
658,2015-08-18,60,1
659,2013-12-14,14,2
660,2011-08-25,49,2
661,2011-05-02,86,3
662,2010-09-26,20,4
663,2015-12-16,25,4
664,2014-10-10,39,2
665,2014-02-18,95,3
666,2015-02-09,75,1
667,2011-04-26,15,1
668,2015-06-19,86,3
669,2015-02-27,76,2
670,2014-04-01,62,4
671,2013-11-08,63,1
672,2008-01-04,43,2
673,2014-11-11,18,3
674,2014-07-03,61,2
675,2003-12-02,11,2
676,2010-09-26,4,1
677,2012-09-01,11,2
678,2014-09-28,13,2
679,2015-03-15,50,4
680,2011-04-24,78,1
681,2015-11-10,37,4
682,2013-11-09,81,2
683,2009-10-23,52,1
684,2015-08-30,93,3
685,2014-02-06,2,3
686,2015-02-25,47,2
687,2013-09-30,10,2
688,2014-09-19,73,4
689,2013-11-06,72,4
690,2014-03-21,57,2
691,2014-08-16,73,3
692,2014-10-22,61,1
693,2007-09-27,19,3
694,2011-12-14,70,2
695,2013-02-19,89,2
696,2006-07-31,91,3
697,2011-09-11,100,2
698,2011-03-19,28,2
699,2012-05-15,96,4
700,2014-09-02,96,4
701,2011-08-19,6,1
702,2014-12-31,21,1
703,2013-07-10,94,4
704,2015-07-20,3,4
705,2015-10-31,48,1
706,2014-02-13,96,3
707,2008-09-22,63,1
708,2013-09-22,95,4
709,2015-04-16,56,1
710,2004-07-13,11,3
711,2007-10-28,30,4
712,2015-12-17,31,4
713,2013-06-27,39,4
714,2012-07-04,20,1
715,2014-09-05,83,4
716,2007-09-12,7,2
717,2008-01-20,11,4
718,2015-01-02,53,2
719,2011-03-11,6,2
720,2011-05-05,1,1
721,2013-06-26,51,3
722,2007-09-14,70,1
723,2014-04-04,3,1
724,2010-02-29,75,3
725,2003-04-06,91,3
726,2010-06-11,95,1
727,2012-01-31,14,1
728,2014-07-22,81,3
729,2005-06-08,63,2
730,2015-12-24,25,2
731,2015-12-22,89,1
732,2012-07-09,33,3
733,2012-11-23,66,3
734,2004-12-04,63,1
735,2014-11-23,58,1
736,2015-04-08,40,4
737,2015-03-15,29,2
738,2014-11-27,51,1
739,2013-12-31,5,4
740,2014-05-14,76,4
741,2015-08-03,47,1
742,2015-12-18,60,4
743,2009-06-12,55,1
744,2011-04-09,33,3
745,2002-04-10,91,3
746,2015-06-29,18,4
747,2015-05-31,98,4
748,2010-08-23,34,1
749,2005-02-21,43,2
750,2009-09-02,55,4
751,2015-10-20,98,2
752,2012-07-11,55,3
753,2015-01-05,41,1
754,2014-02-21,34,4
755,2011-03-25,27,3
756,2011-05-27,14,2
757,2012-12-16,10,2
758,2011-04-24,24,4
759,2014-10-06,91,3
760,2012-12-19,44,1
761,2011-10-04,40,3
762,2014-08-06,41,2
763,2015-09-26,98,4
764,2008-11-02,78,4
765,2012-07-20,49,2
766,2013-07-25,9,2
767,2005-01-13,74,3
768,2010-01-27,95,4
769,2012-08-02,92,4
770,2005-04-19,9,4
771,2011-09-04,38,4
772,2015-06-23,26,1
773,2010-08-03,17,4
774,2013-01-11,73,1
775,2010-08-24,49,3
776,2015-06-06,21,3
777,2015-04-02,2,4
778,2015-06-04,61,1
779,2014-05-22,66,4
780,2008-11-08,22,1
781,2009-10-04,22,2
782,2014-06-15,61,1
783,2015-07-02,26,3
784,2013-10-25,31,1
785,2013-10-09,38,2
786,2014-05-16,22,1
787,2013-08-19,95,3
788,2003-04-27,63,2
789,2015-07-27,39,1
790,2015-12-07,13,3
791,2014-03-22,81,2
792,2015-06-14,69,2
793,2010-04-04,57,4
794,2012-10-12,85,1
795,2012-03-20,52,2
796,2014-06-21,46,4
797,2014-03-02,67,3
798,2009-12-28,71,4
799,2003-06-17,19,2
800,2012-07-30,51,1
801,2015-12-06,30,2
802,2012-02-14,71,1
803,2012-07-09,45,3
804,2010-07-10,26,3
805,2015-10-10,61,3
806,2014-04-29,81,2
807,2011-09-14,79,4
808,2009-12-11,95,3
809,2014-09-21,76,2
810,2014-08-05,10,4
811,2013-12-26,42,2
812,2014-06-23,73,3
813,2014-09-26,91,4
814,2006-06-16,67,1
815,2013-08-08,96,3
816,2013-09-23,68,2
817,2014-12-31,69,4
818,2015-10-28,98,1
819,2013-07-23,76,1
820,2015-01-11,14,1
821,2001-08-25,91,1
822,2012-02-05,97,2
823,2013-05-28,3,2
824,2012-08-02,60,1
825,2014-02-04,3,2
826,2013-11-06,92,3
827,2015-07-25,83,2
828,2014-03-04,31,2
829,2014-10-31,80,3
830,2012-11-30,60,2
831,2015-01-30,73,3
832,2007-04-28,9,3
833,2011-08-18,38,1
834,2015-12-02,72,1
835,2010-08-03,4,3
836,2015-06-08,27,4
837,2014-07-11,44,4
838,2014-12-29,13,4
839,2012-12-18,30,4
840,2003-12-10,67,3
841,2014-01-15,96,4
842,2011-11-09,52,2
843,2009-12-17,95,4
844,2010-12-24,17,3
845,2010-11-10,14,2
846,2014-11-28,36,4
847,2014-02-16,26,3
848,2008-05-13,7,2
849,2011-01-25,71,3
850,2015-09-01,93,1
851,2014-04-16,61,1
852,2015-06-06,18,1
853,2014-09-24,17,3
854,2010-01-18,45,2
855,2012-05-02,87,1
856,2015-03-08,36,4
857,2004-01-28,65,4
858,2015-09-13,96,3
859,2012-08-07,23,4
860,2014-08-04,82,4
861,2015-06-21,35,1
862,2009-07-22,53,2
863,2015-11-10,95,4
864,2004-01-30,5,3
865,2015-12-31,25,4
866,2004-10-30,5,1
867,2015-08-30,43,1
868,2015-05-18,2,2
869,2014-11-29,34,2
870,2015-05-13,29,4
871,2012-03-15,81,4
872,2008-10-10,56,1
873,2006-11-26,91,3
874,2010-05-30,20,2
875,2013-10-17,29,2
876,2007-10-02,30,2
877,2015-11-24,93,4
878,2012-11-20,64,1
879,2010-09-29,80,1
880,2015-06-02,87,1
881,2015-02-28,43,4
882,2013-01-31,84,4
883,2010-11-06,91,2
884,2011-11-06,16,4
885,2014-01-03,74,2
886,2015-09-11,25,3
887,2013-10-12,34,2
888,2013-11-08,26,2
889,2014-02-27,45,2
890,2012-09-05,38,2
891,2008-09-19,19,4
892,2014-01-23,42,1
893,2008-03-31,12,2
894,2012-08-02,78,4
895,2013-02-26,34,4
896,2015-02-22,18,2
897,2015-10-03,83,2
898,2007-10-20,74,4
899,2008-04-01,71,4
900,2009-09-14,87,2
901,2013-06-15,90,3
902,2015-08-01,69,4
903,2010-08-19,5,1
904,2013-08-13,38,4
905,2014-07-25,76,4
906,2014-01-24,81,1
907,2011-01-12,80,2
908,2014-10-10,97,1
909,2013-04-16,58,3
910,2010-05-23,85,3
911,2015-07-20,4,4
912,2015-05-30,33,2
913,2015-08-22,82,2
914,2007-02-06,99,2
915,2014-06-25,29,4
916,2015-07-28,7,4
917,2008-08-26,90,4
918,2012-04-27,28,4
919,2014-05-26,3,1
920,2014-11-29,89,4
921,2012-02-27,60,1
922,2015-08-27,29,3
923,2015-02-20,55,2
924,2013-08-27,92,3
925,2015-03-13,97,3
926,2015-04-02,54,3
927,2008-10-04,1,2
928,2009-06-10,65,2
929,2015-09-26,76,3
930,2011-09-12,26,2
931,2006-03-16,8,4
932,2011-12-21,49,2
933,2014-12-18,73,4
934,2014-02-28,68,2
935,2012-09-26,22,1
936,2015-04-23,27,3
937,2014-09-28,44,2
938,2015-01-15,69,4
939,2015-12-17,59,2
940,2013-11-19,86,3
941,2005-12-25,53,1
942,2011-11-26,1,1
943,2002-12-19,15,3
944,2015-08-11,85,2
945,2012-09-14,60,2
946,2015-07-15,13,4
947,2007-03-09,16,2
948,2007-03-08,4,2
949,2011-09-26,60,3
950,2012-09-23,19,1
951,2009-04-15,88,4
952,2014-04-05,86,2
953,2013-05-13,41,2
954,2004-08-27,19,4
955,2014-09-29,33,1
956,2015-07-24,7,3
957,2015-12-17,48,4
958,2006-09-23,9,1
959,2013-04-21,94,1
960,2015-12-10,73,2
961,2015-02-21,75,1
962,2015-08-31,42,1
963,2011-06-16,46,1
964,2010-04-22,57,1
965,2014-08-21,7,2
966,2012-11-19,22,3
967,2012-09-29,27,3
968,2015-03-13,53,3
969,2013-02-06,43,1
970,2013-08-20,45,2
971,2011-03-07,78,1
972,2012-05-21,40,4
973,2005-05-14,100,1
974,2007-12-15,16,4
975,2012-10-07,28,3
976,2012-11-09,2,1
977,2015-08-23,48,2
978,2013-04-30,38,4
979,2004-10-25,12,3
980,2014-10-20,83,4
981,2012-01-27,85,1
982,2011-03-10,85,1
983,2015-01-20,73,2
984,2015-08-09,29,3
985,2010-05-12,17,2
986,2005-06-04,88,3
987,2010-09-02,19,4
988,2014-07-27,92,1
989,2014-08-29,41,4
990,2014-09-03,41,4
991,2011-09-26,42,2
992,2007-10-28,8,4
993,2011-11-28,84,1
994,2014-05-24,38,2
995,2011-08-20,96,1
996,2009-02-04,75,1
997,2012-09-26,7,4
998,2014-07-06,76,2
999,2014-12-31,69,2
1000,2013-02-27,8,3
1001,2012-03-04,24,3
1002,2015-11-24,25,2
1003,2012-09-20,26,3
1004,2014-08-26,36,1
1005,2014-12-14,12,3
1006,2004-09-24,91,2
1007,2015-07-26,61,4
1008,2013-01-27,17,2
1009,2015-03-21,55,1
1010,2014-02-13,40,2
1011,2015-09-20,25,1
1012,2005-11-13,56,3
1013,2013-01-19,80,4
1014,2014-12-06,59,3
1015,2010-08-18,8,1
1016,2014-09-24,13,4
1017,2015-11-13,76,2
1018,2015-09-16,98,4
1019,2014-10-17,5,3
1020,2015-01-15,3,1
1021,2015-01-10,65,4
1022,2010-04-16,4,1
1023,2009-01-15,8,1
1024,2005-06-01,15,2
1025,2012-07-26,92,2
1026,2009-10-05,33,4
1027,2014-01-11,87,4
1028,2014-05-19,10,2
1029,2007-10-30,30,3
1030,2009-05-29,30,1
1031,2014-11-28,92,3
1032,2014-10-17,5,3
1033,2014-12-03,16,3
1034,2014-11-18,40,2
1035,2015-06-04,59,1
1036,2015-08-30,98,1
1037,2006-02-29,88,2
1038,2013-06-28,10,1
1039,2009-11-19,87,4
1040,2015-12-22,18,1
1041,2014-03-01,29,4
1042,2015-08-27,93,2
1043,2015-07-24,42,4
1044,2013-12-03,2,1
1045,2005-08-19,63,1
1046,2014-12-17,41,3
1047,2012-01-13,14,3
1048,2015-02-22,15,1
1049,2015-09-14,69,3
1050,2006-01-18,99,1
1051,2014-11-12,36,1
1052,2015-02-08,96,2
1053,2015-03-21,44,4
1054,2011-08-18,50,1
1055,2012-05-26,6,4
1056,2014-06-01,33,1
1057,2011-12-01,27,2
1058,2014-06-16,28,2
1059,2012-03-10,22,4
1060,2012-02-18,23,2
1061,2005-06-27,15,3
1062,2014-12-15,36,2
1063,2013-02-14,3,4
1064,2005-05-23,100,2
1065,2011-06-16,87,3
1066,2012-04-17,54,2
1067,2014-10-09,53,4
1068,2015-11-25,25,2
1069,2013-03-17,90,1
1070,2006-07-05,100,3
1071,2015-10-31,25,2
1072,2012-11-14,28,1
1073,2015-08-17,29,1
1074,2015-12-14,93,3
1075,2002-02-20,19,1
1076,2005-02-29,9,1
1077,2011-03-19,19,3
1078,2015-09-26,98,2
1079,2003-08-18,46,3
1080,2014-03-09,83,2
1081,2014-11-29,17,1
1082,2006-10-01,11,4
1083,2015-04-28,36,3
1084,2008-11-30,46,3
1085,2008-06-14,50,3
1086,2013-09-16,96,2
1087,2012-09-08,40,2
1088,2015-10-03,100,1
1089,2012-08-10,33,4
1090,2013-09-03,86,3
1091,2014-04-11,62,4
1092,2010-12-14,9,3
1093,2008-09-14,11,4
1094,2013-06-11,33,3
1095,2015-07-30,35,2
1096,2009-10-26,72,3
1097,2015-11-24,32,2
1098,2005-11-24,5,1
1099,2011-01-04,15,4
1100,2014-12-24,82,4
1101,2009-07-22,63,1
1102,2006-08-02,30,2
1103,2013-11-05,56,2
1104,2015-05-16,64,2
1105,2015-07-02,44,1
1106,2010-07-09,74,2
1107,2015-01-09,42,3
1108,2004-06-04,43,1
1109,2013-05-12,67,2
1110,2006-03-26,11,1
1111,2015-07-04,26,4
1112,2014-02-02,100,3
1113,2010-04-02,19,1
1114,2009-07-06,55,2
1115,2006-01-15,9,1
1116,2014-10-23,13,4
1117,2014-04-19,54,1
1118,2009-10-28,34,2
1119,2015-08-22,84,1
1120,2012-06-07,92,3
1121,2014-01-22,41,4
1122,2015-02-05,4,3
1123,2009-07-26,63,2
1124,2010-11-19,85,4
1125,2013-09-25,6,3
1126,2013-01-13,78,4
1127,2014-01-12,31,1
1128,2010-06-07,30,3
1129,2015-09-18,31,2
1130,2010-08-08,23,1
1131,2007-07-10,74,1
1132,2012-12-22,56,3
1133,2014-10-20,54,1
1134,2015-08-16,48,1
1135,2014-11-23,88,3
1136,2015-10-21,37,1
1137,2015-10-07,37,4
1138,2009-12-15,85,1
1139,2009-07-13,45,1
1140,2015-08-07,93,1
1141,2014-02-09,5,3
1142,2015-10-28,48,2
1143,2006-03-24,19,1
1144,2013-01-21,79,4
1145,2015-12-25,48,2
1146,2014-08-26,59,1
1147,2015-04-16,98,4
1148,2015-04-05,31,3
1149,2015-07-08,20,2
1150,2008-02-13,16,2
1151,2015-06-15,92,4
1152,2014-07-05,15,2
1153,2011-12-24,40,4
1154,2012-10-18,10,4
1155,2015-07-04,16,4
1156,2010-04-03,87,3
1157,2009-05-24,7,4
1158,2013-10-13,94,4
1159,2015-12-18,44,4
1160,2013-02-07,54,2
1161,2015-04-06,58,1
1162,2014-02-25,20,4
1163,2013-05-03,57,1
1164,2015-03-23,21,3
1165,2008-03-15,88,2
1166,2008-12-09,9,4
1167,2009-11-09,100,1
1168,2014-02-03,80,1
1169,2009-10-28,53,1
1170,2009-11-10,5,3
1171,2015-05-08,36,1
1172,2011-02-13,34,4
1173,2015-06-06,93,4
1174,2012-08-19,40,1
1175,2012-08-18,52,2
1176,2004-04-25,84,4
1177,2013-04-16,84,4
1178,2014-06-08,66,1
1179,2013-07-04,12,3
1180,2013-04-13,94,3
1181,2008-06-11,74,1
1182,2013-06-14,1,2
1183,2012-08-13,68,3
1184,2015-08-06,54,2
1185,2008-05-11,1,2
1186,2012-04-03,99,3
1187,2015-09-09,70,2
1188,2010-01-02,86,1
1189,2005-02-25,7,1
1190,2012-03-01,34,3
1191,2014-03-19,90,1
1192,2014-08-04,27,1
1193,2013-11-07,47,3
1194,2015-11-08,77,3
1195,2013-11-26,57,3
1196,2015-01-04,18,2
1197,2015-07-30,69,1
1198,2015-08-29,94,4
1199,2014-02-05,89,1
1200,2015-07-20,93,3
1201,2010-03-28,24,4
1202,2014-03-28,36,4
1203,2015-11-11,48,3
1204,2012-01-14,40,4
1205,2015-09-20,37,1
1206,2011-12-01,28,1
1207,2014-09-13,10,1
1208,2014-02-09,86,1
1209,2013-11-17,66,4
1210,2012-06-10,9,2
1211,2015-04-07,98,4
1212,2014-03-20,82,4
1213,2011-03-15,22,3
1214,2012-04-05,14,1
1215,2014-04-11,41,4
1216,2012-05-19,52,3
1217,2013-11-21,89,1
1218,2015-09-22,76,3
1219,2003-07-23,8,1
1220,2012-10-05,11,3
1221,2015-04-19,98,1
1222,2015-10-17,98,3
1223,2015-11-08,72,4
1224,2011-09-08,70,2
1225,2000-06-23,91,4
1226,2012-11-29,54,3
1227,2011-06-20,86,2
1228,2010-08-11,46,2
1229,2015-08-11,80,2
1230,2013-10-09,3,3
1231,2015-07-30,82,4
1232,2014-01-29,75,4
1233,2014-03-04,1,3
1234,2014-05-25,35,1
1235,2015-10-07,45,2
1236,2012-06-06,64,3
1237,2015-12-07,31,3
1238,2007-12-16,7,3
1239,2010-02-07,85,4
1240,2015-08-25,37,1
1241,2015-08-15,23,1
1242,2011-01-30,100,3
1243,2011-01-01,53,3
1244,2010-11-25,28,1
1245,2014-03-11,96,2
1246,2015-07-30,66,1
1247,2013-06-27,15,3
1248,2011-12-19,79,4
1249,2003-05-06,8,1
1250,2015-09-25,56,2
1251,2011-03-27,27,3
1252,2013-08-08,94,1
1253,2010-02-23,95,2
1254,2014-05-11,73,2
1255,2009-08-27,7,2
1256,2013-12-08,83,1
1257,2014-02-02,81,1
1258,2013-07-13,3,1
1259,2010-07-13,11,4
1260,2015-04-24,59,3
1261,2011-10-02,14,1
1262,2013-03-19,47,2
1263,2008-05-09,4,3
1264,2015-08-22,3,4
1265,2013-01-20,97,3
1266,2015-12-20,37,2
1267,2013-11-21,35,1
1268,2007-08-16,1,2
1269,2015-01-02,23,1
1270,2014-12-03,10,3
1271,2014-10-02,36,1
1272,2000-07-16,91,2
1273,2015-11-25,95,2
1274,2015-06-12,82,1
1275,2014-02-11,28,2
1276,2012-05-16,44,2
1277,2008-07-22,53,4
1278,2013-08-29,30,2
1279,2015-11-28,61,3
1280,2009-01-29,84,3
1281,2015-07-05,73,1
1282,2015-11-20,77,1
1283,2013-03-15,95,1
1284,2013-09-09,6,2
1285,2014-04-19,83,2
1286,2014-12-25,36,3
1287,2015-05-17,83,3
1288,2015-12-08,53,1
1289,2010-09-15,30,3
1290,2009-03-27,55,2
1291,2015-02-20,93,4
1292,2015-09-08,93,3
1293,2012-05-02,42,4
1294,2006-10-13,75,4
1295,2007-12-18,71,2
1296,2011-12-09,45,1
1297,2012-08-28,88,3
1298,2002-03-16,19,4
1299,2015-04-09,5,2
1300,2012-12-06,12,3
1301,2014-06-30,38,3
1302,2011-01-22,17,1
1303,2015-11-27,72,4
1304,2012-02-04,38,1
1305,2015-09-09,25,3
1306,2006-07-18,84,2
1307,2015-05-25,93,4
1308,2014-11-11,30,3
1309,2013-01-06,85,4
1310,2015-09-24,45,4
1311,2006-08-29,100,3
1312,2014-05-11,38,2
1313,2008-05-04,9,3
1314,2015-10-12,32,4
1315,2015-11-01,55,2
1316,2012-08-17,88,1
1317,2014-09-18,73,1
1318,2014-08-12,6,4
1319,2014-05-30,55,4
1320,2015-06-29,77,1
1321,2013-04-20,33,3
1322,2013-10-16,10,4
1323,2015-12-06,35,4
1324,2014-10-21,41,3
1325,2005-06-18,74,2
1326,2014-08-24,94,1
1327,2010-11-04,38,4
1328,2008-07-13,4,3
1329,2015-07-17,21,2
1330,2015-07-09,89,4
1331,2011-06-05,71,3
1332,2015-12-26,81,1
1333,2005-06-16,12,1
1334,2014-01-26,67,3
1335,2011-08-12,92,2
1336,2015-10-18,62,1
1337,2013-06-17,26,4
1338,2015-12-26,2,2
1339,2012-10-16,81,4
1340,2014-03-09,29,1
1341,2010-06-23,100,4
1342,2015-12-25,69,1
1343,2010-11-16,72,1
1344,2014-04-27,18,4
1345,2007-11-27,79,4
1346,2014-10-06,60,4
1347,2014-11-10,16,3
1348,2014-07-24,63,1
1349,2014-10-02,10,2
1350,2014-05-15,68,2
1351,2009-05-27,72,2
1352,2015-06-27,98,2
1353,2010-08-23,15,2
1354,2009-05-27,46,3
1355,2007-05-21,15,4
1356,2013-05-26,91,3
1357,2015-09-27,51,3
1358,2005-08-24,5,2
1359,2013-05-05,2,4
1360,2013-05-26,57,2
1361,2015-02-06,57,2
1362,2011-01-04,22,4
1363,2011-11-06,23,1
1364,2011-11-14,11,4
1365,2015-04-11,36,2
1366,2013-08-24,45,1
1367,2010-01-12,30,3
1368,2015-12-05,13,4
1369,2012-02-25,86,4
1370,2012-10-07,39,1
1371,2014-05-28,35,1
1372,2007-07-11,1,1
1373,2013-10-01,57,2
1374,2012-09-20,47,1
1375,2014-06-08,32,1
1376,2015-06-24,76,1
1377,2013-11-30,53,3
1378,2003-12-24,91,2
1379,2008-01-28,22,1
1380,2014-03-01,36,3
1381,2011-04-19,14,4
1382,2013-03-20,70,4
1383,2015-01-27,61,3
1384,2014-12-09,45,1
1385,2010-04-12,80,1
1386,2014-06-17,85,4
1387,2012-06-28,38,3
1388,2013-09-07,31,2
1389,2013-07-24,76,4
1390,2015-12-13,60,3
1391,2009-03-30,91,4
1392,2013-12-11,27,3
1393,2010-01-22,91,1
1394,2005-01-29,91,2
1395,2012-06-25,51,2
1396,2010-02-05,99,2
1397,2015-02-02,24,2
1398,2012-07-03,63,4
1399,2015-06-13,75,4
1400,2012-08-08,20,3
1401,2005-08-13,8,3
1402,2008-09-22,43,4
1403,2003-12-18,9,1
1404,2005-07-10,8,3
1405,2010-09-28,20,1
1406,2012-12-25,54,4
1407,2008-09-02,53,2
1408,2014-03-16,35,2
1409,2015-02-02,76,2
1410,2013-04-22,73,4
1411,2015-10-28,16,2
1412,2014-05-07,83,2
1413,2008-11-24,57,4
1414,2008-02-19,55,4
1415,2009-08-24,15,4
1416,2014-02-14,50,4
1417,2011-09-16,12,2
1418,2015-05-10,23,3
1419,2013-09-14,51,2
1420,2014-06-11,68,3
1421,2015-10-12,35,4
1422,2014-10-28,22,1
1423,2015-05-05,32,1
1424,2008-08-12,55,3
1425,2015-05-30,28,1
1426,2011-04-08,11,4
1427,2011-05-28,27,3
1428,2015-11-24,69,4
1429,2015-04-06,77,1
1430,2013-08-03,32,1
1431,2008-06-26,46,2
1432,2011-08-31,38,2
1433,2012-08-28,44,2
1434,2015-03-01,36,4
1435,2015-11-17,48,4
1436,2010-06-15,56,3
1437,2015-10-01,15,3
1438,2014-01-28,76,3
1439,2015-07-16,51,1
1440,2012-05-20,96,1
1441,2013-05-30,3,1
1442,2012-03-18,44,3
1443,2011-12-01,95,4
1444,2011-02-14,19,2
1445,2013-05-17,33,1
1446,2013-07-16,84,1
1447,2010-02-05,14,4
1448,2008-09-16,56,1
1449,2013-11-23,62,1
1450,2008-07-22,33,4
1451,2010-06-03,84,4
1452,2009-04-08,55,2
1453,2015-04-16,8,2
1454,2013-01-12,44,4
1455,2015-12-29,14,1
1456,2015-03-14,77,2
1457,2015-05-26,72,2
1458,2015-09-25,51,2
1459,2015-10-06,96,4
1460,2008-02-04,8,1
1461,2014-06-12,29,3
1462,2008-04-29,53,2
1463,2012-06-25,81,4
1464,2013-02-08,53,1
1465,2007-04-22,16,2
1466,2013-06-03,72,4
1467,2002-11-19,19,3
1468,2013-06-19,65,1
1469,2013-12-27,20,4
1470,2010-12-31,78,2
1471,2015-07-14,1,3
1472,2015-04-21,98,1
1473,2011-09-01,44,1
1474,2014-02-06,70,4
1475,2007-08-30,43,1
1476,2013-04-24,73,1
1477,2015-07-21,13,2
1478,2012-06-26,57,1
1479,2015-09-20,29,3
1480,2007-01-31,12,1
1481,2014-12-13,78,3
1482,2012-11-14,3,1
1483,2011-11-25,65,2
1484,2015-11-05,31,4
1485,2007-02-23,8,3
1486,2008-11-07,57,1
1487,2014-06-16,44,4
1488,2015-07-10,36,4
1489,2014-09-29,78,1
1490,2015-05-07,3,3
1491,2012-09-14,34,4
1492,2013-04-13,88,1
1493,2009-03-22,40,3
1494,2014-08-02,29,1
1495,2013-01-09,88,1
1496,2012-11-15,38,3
1497,2015-11-17,66,1
1498,2015-08-11,36,3
1499,2014-10-02,11,2
1500,2015-01-17,36,2
1501,2014-09-11,83,1
1502,2003-07-20,67,3
1503,2012-05-02,44,2
1504,2008-03-07,15,1
1505,2010-11-25,23,1
1506,2013-11-12,3,3
1507,2014-06-17,11,3
1508,2015-09-10,81,3
1509,2007-09-06,79,1
1510,2013-07-18,41,1
1511,2013-05-21,73,3
1512,2014-10-04,18,1
1513,2011-08-09,14,4
1514,2015-12-06,25,1
1515,2015-07-05,60,1
1516,2015-12-29,25,2
1517,2005-06-28,67,4
1518,2005-06-22,19,2
1519,2015-12-13,67,2
1520,2013-11-01,89,3
1521,2012-01-27,27,3
1522,2011-12-22,66,3
1523,2012-07-28,20,3
1524,2007-07-11,71,2
1525,2015-10-12,98,3
1526,2013-08-28,73,1
1527,2004-09-23,65,3
1528,2009-08-07,40,3
1529,2002-08-14,46,4
1530,2000-05-28,91,4
1531,2013-04-03,44,3
1532,2015-12-20,33,4
1533,2015-05-21,93,4
1534,2014-02-02,32,4
1535,2014-11-29,31,1
1536,2013-07-25,76,3
1537,2013-03-25,58,2
1538,2014-02-29,92,1
1539,2004-05-10,67,2
1540,2014-05-08,30,3
1541,2014-12-15,64,4
1542,2013-03-30,81,4
1543,2013-12-31,82,1
1544,2015-08-15,77,2
1545,2014-09-07,24,1
1546,2013-05-30,10,4
1547,2015-05-17,43,2
1548,2013-12-11,29,4
1549,2013-02-20,57,4
1550,2015-06-19,83,2
1551,2015-07-17,11,2
1552,2011-11-14,28,1
1553,2014-05-30,31,3
1554,2008-03-14,1,3
1555,2015-05-30,7,2
1556,2012-05-29,95,4
1557,2012-05-31,54,3
1558,2014-03-29,97,4
1559,2015-10-12,13,4
1560,2013-06-27,64,1
1561,2015-02-27,18,4
1562,2009-11-08,86,3
1563,2015-12-19,37,3
1564,2014-02-27,36,3
1565,2015-11-17,34,1
1566,2015-10-07,37,1
1567,2005-05-05,99,2
1568,2014-02-29,44,1
1569,2006-10-11,74,2
1570,2015-12-08,69,2
1571,2015-01-28,69,4
1572,2015-10-13,25,1
1573,2012-05-16,60,3
1574,2014-05-15,49,1
1575,2014-08-23,79,3
1576,2015-05-08,18,1
1577,2011-03-25,52,3
1578,2014-08-13,42,4
1579,2013-05-17,26,1
1580,2011-05-30,14,4
1581,2009-08-18,85,3
1582,2014-10-07,72,1
1583,2014-07-11,27,2
1584,2015-04-23,64,2
1585,2015-12-13,53,2
1586,2014-07-17,28,3
1587,2014-01-23,31,1
1588,2014-12-29,73,4
1589,2010-09-01,57,3
1590,2015-10-15,92,4
1591,2013-10-27,47,2
1592,2013-03-23,26,1
1593,2012-09-23,95,2
1594,2007-08-30,88,3
1595,2005-01-28,99,2
1596,2005-04-13,100,4
1597,2012-04-23,57,2
1598,2014-04-19,73,1
1599,2015-05-11,44,3
1600,2015-08-28,13,2
1601,2011-12-24,74,3
1602,2015-06-07,78,2
1603,2006-09-21,79,3
1604,2014-06-13,61,2
1605,2014-02-09,78,3
1606,2013-04-20,24,3
1607,2012-12-05,97,1
1608,2015-08-28,32,2
1609,2011-06-19,67,2
1610,2014-03-26,27,4
1611,2015-04-23,50,4
1612,2014-12-31,29,4
1613,2007-04-16,12,1
1614,2014-09-08,16,3
1615,2009-11-28,4,2
1616,2007-01-03,90,4
1617,2013-08-27,78,3
1618,2014-09-16,54,3
1619,2008-09-15,55,4
1620,2011-06-28,96,1
1621,2007-12-16,90,3
1622,2012-04-28,47,3
1623,2015-12-27,25,2
1624,2006-02-03,65,4
1625,2013-02-11,68,1
1626,2015-07-11,66,3
1627,2009-10-26,65,2
1628,2015-04-21,21,4
1629,2012-05-25,28,3
1630,2009-12-13,85,4
1631,2011-04-05,65,1
1632,2009-02-04,55,4
1633,2013-11-19,80,3
1634,2013-05-17,34,3
1635,2011-05-08,53,2
1636,2014-05-07,16,4
1637,2014-05-22,82,3
1638,2012-03-06,79,4
1639,2014-08-22,55,3
1640,2014-12-26,72,4
1641,2006-02-06,53,4
1642,2010-11-23,19,3
1643,2015-08-18,31,1
1644,2015-10-25,61,2
1645,2015-05-23,9,3
1646,2010-01-10,7,3
1647,2015-05-29,94,2
1648,2015-08-28,25,1
1649,2005-01-23,9,3
1650,2004-10-06,12,2
1651,2012-02-15,44,2
1652,2014-02-12,1,1
1653,2010-05-30,46,1
1654,2015-04-06,54,2
1655,2010-03-21,80,4
1656,2014-08-29,78,2
1657,2008-08-04,87,1
1658,2004-06-14,84,1
1659,2014-11-29,76,2
1660,2011-10-22,33,4
1661,2012-08-15,72,4
1662,2015-10-15,48,1
1663,2014-12-20,75,4
1664,2013-08-11,52,2
1665,2009-01-26,9,4
1666,2015-10-26,41,1
1667,2015-03-02,97,1
1668,2012-01-22,95,4
1669,2013-09-19,82,1
1670,2015-11-04,21,4
1671,2014-07-30,62,4
1672,2015-07-04,98,1
1673,2015-01-12,85,3
1674,2015-03-23,94,4
1675,2012-12-03,92,1
1676,2015-04-01,35,2
1677,2013-08-23,49,1
1678,2015-01-31,59,2
1679,2013-05-02,44,3
1680,2014-07-10,54,2
1681,2015-08-05,67,4
1682,2013-05-02,94,4
1683,2014-08-15,46,3
1684,2015-02-19,59,4
1685,2015-12-09,37,3
1686,2011-10-20,92,4
1687,2015-05-22,31,4
1688,2013-05-31,4,3
1689,2015-08-11,1,2
1690,2015-06-20,29,4
1691,2015-06-20,28,1
1692,2015-10-24,93,1
1693,2015-08-19,44,1
1694,2011-10-29,23,1
1695,2013-02-10,10,2
1696,2015-09-28,54,4
1697,2012-06-30,16,2
1698,2011-07-05,17,3
1699,2014-09-12,76,3
1700,2008-06-05,53,1
1701,2015-03-09,80,1
1702,2012-05-10,63,4
1703,2015-03-23,18,3
1704,2015-12-26,13,2
1705,2013-07-19,89,1
1706,2013-09-11,94,1
1707,2015-04-29,18,4
1708,2008-12-27,11,1
1709,2012-11-17,92,3
1710,2011-10-30,86,3
1711,2014-09-01,99,1
1712,2015-09-19,1,1
1713,2007-05-22,8,4
1714,2007-05-24,75,3
1715,2015-09-20,32,3
1716,2015-01-18,59,3
1717,2015-09-28,38,3
1718,2014-10-10,18,3
1719,2003-08-16,91,2
1720,2014-04-18,24,1
1721,2005-03-01,65,2
1722,2008-11-04,22,2
1723,2011-10-31,72,1
1724,2008-03-23,4,4
1725,2015-06-16,41,1
1726,2014-07-25,54,2
1727,2014-07-11,61,1
1728,2015-12-17,49,3
1729,2009-09-21,74,1
1730,2006-07-27,84,1
1731,2015-11-14,37,1
1732,2012-10-27,12,4
1733,2012-12-02,44,1
1734,2015-09-14,37,4
1735,2015-05-27,90,2
1736,2012-04-19,34,2
1737,2013-07-21,90,3
1738,2015-06-24,92,1
1739,2015-10-06,21,1
1740,2011-01-03,56,3
1741,2012-02-05,1,4
1742,2013-04-15,92,3
1743,2009-04-13,63,3
1744,2010-03-15,85,2
1745,2012-03-03,43,2
1746,2011-06-27,27,2
1747,2015-06-21,63,4
1748,2015-05-13,77,1
1749,2012-09-23,34,2
1750,2010-08-04,79,2
1751,2010-01-23,52,1
1752,2010-05-04,34,2
1753,2014-07-19,8,4
1754,2011-12-01,7,4
1755,2004-03-01,5,2
1756,2011-12-10,24,2
1757,2013-12-21,10,2
1758,2009-04-17,40,1
1759,2014-10-01,21,1
1760,2013-09-13,94,3
1761,2014-01-29,47,1
1762,2014-06-12,18,3
1763,2015-11-07,98,2
1764,2013-12-29,100,3
1765,2010-11-02,43,4
1766,2012-09-24,38,2
1767,2009-04-03,87,1
1768,2012-12-30,96,4
1769,2012-03-13,6,2
1770,2012-08-10,51,2
1771,2013-02-08,24,2
1772,2007-06-01,19,4
1773,2015-01-22,13,3
1774,2009-07-17,70,1
1775,2004-03-29,67,2
1776,2014-07-22,83,4
1777,2015-12-08,89,2
1778,2010-02-02,52,3
1779,2013-08-13,42,4
1780,2015-08-30,37,3
1781,2015-10-18,77,3
1782,2007-08-26,16,2
1783,2003-04-07,5,3
1784,2008-12-23,9,4
1785,2015-05-03,18,2
1786,2007-05-19,11,2
1787,2014-03-03,83,4
1788,2015-12-23,10,1
1789,2015-09-06,29,4
1790,2003-01-01,74,1
1791,2010-03-31,85,1
1792,2010-07-30,53,4
1793,2013-02-27,54,4
1794,2013-06-26,28,1
1795,2010-09-30,52,1
1796,2012-06-20,58,4
1797,2015-01-05,69,3
1798,2005-09-16,15,4
1799,2015-05-23,21,4
1800,2015-07-11,13,2
1801,2015-04-12,61,2
1802,2005-10-11,5,1
1803,2013-06-17,92,4
1804,2012-05-12,28,3
1805,2015-11-05,59,4
1806,2011-05-01,72,1
1807,2012-02-26,11,2
1808,2015-05-18,51,3
1809,2011-07-29,66,3
1810,2014-06-11,36,2
1811,2015-08-13,66,1
1812,2001-09-20,46,3
1813,2014-09-10,10,2
1814,2012-03-18,1,4
1815,2014-02-02,23,2
1816,2012-09-01,10,3
1817,2008-05-03,74,2
1818,2005-10-12,43,2
1819,2011-11-16,85,3
1820,2014-10-23,61,2
1821,2009-08-09,87,1
1822,2012-07-30,80,2
1823,2007-10-23,74,1
1824,2011-12-23,53,4
1825,2009-03-16,4,3
1826,2010-12-24,14,4
1827,2009-07-28,78,2
1828,2013-07-26,94,1
1829,2015-10-29,62,4
1830,2013-12-09,87,1
1831,2010-06-06,91,1
1832,2014-03-18,86,4
1833,2014-05-09,63,2
1834,2008-09-12,11,4
1835,2012-05-26,49,4
1836,2015-12-11,82,3
1837,2011-10-20,24,4
1838,2015-11-10,25,3
1839,2005-11-30,65,4
1840,2014-02-13,60,4
1841,2015-12-03,61,2
1842,2013-07-26,51,1
1843,2008-05-25,99,1
1844,2013-06-14,84,3
1845,2011-12-28,5,2
1846,2014-12-02,33,3
1847,2013-05-08,41,4
1848,2015-12-14,73,1
1849,2009-02-03,65,2
1850,2015-02-16,31,4
1851,2013-11-08,60,3
1852,2014-03-05,82,3
1853,2010-11-25,99,3
1854,2015-11-17,77,2
1855,2012-02-26,4,1
1856,2015-03-03,63,4
1857,2013-08-18,97,4
1858,2010-10-10,23,3
1859,2014-04-29,9,4
1860,2011-08-15,20,2
1861,2014-10-31,13,3
1862,2010-10-19,67,1
1863,2013-10-05,34,2
1864,2015-06-27,98,4
1865,2015-01-12,31,3
1866,2012-04-07,96,4
1867,2015-09-17,26,4
1868,2014-07-14,34,2
1869,2011-08-26,92,4
1870,2015-09-01,83,1
1871,2015-11-01,71,1
1872,2015-08-21,47,4
1873,2012-11-10,7,3
1874,2015-10-03,27,3
1875,2012-09-18,96,1
1876,2011-12-22,20,1
1877,2013-09-09,60,2
1878,2012-10-26,33,3
1879,2010-06-14,65,2
1880,2014-07-27,73,4
1881,2006-04-22,50,1
1882,2004-06-18,46,4
1883,2013-08-18,63,4
1884,2005-06-28,5,2
1885,2015-02-04,54,4
1886,2015-11-19,98,4
1887,2011-01-16,38,4
1888,2013-11-04,3,1
1889,2014-11-03,72,4
1890,2010-01-28,44,4
1891,2013-02-18,85,1
1892,2014-05-17,27,1
1893,2015-10-05,51,2
1894,2011-06-10,43,4
1895,2015-12-30,25,4
1896,2012-03-26,7,1
1897,2013-03-14,58,1
1898,2012-04-17,85,2
1899,2012-06-06,56,1
1900,2013-11-05,52,1
1901,2011-07-31,26,2
1902,2015-02-24,59,2
1903,2015-01-07,21,2
1904,2014-08-25,75,1
1905,2013-01-20,23,3
1906,2015-05-25,93,4
1907,2013-11-21,62,3
1908,2010-07-07,26,4
1909,2008-07-30,53,1
1910,2011-04-15,17,2
1911,2013-12-30,28,4
1912,2009-08-31,15,1
1913,2011-11-13,90,3
1914,2015-09-26,69,1
1915,2015-05-08,27,4
1916,2015-07-01,69,4
1917,2012-01-30,4,2
1918,2014-08-02,18,4
1919,2011-12-31,85,1
1920,2015-05-09,60,2
1921,2015-07-26,41,4
1922,2015-10-02,77,3
1923,2013-11-28,85,2
1924,2014-08-18,43,1
1925,2010-06-08,79,3
1926,2010-08-23,78,4
1927,2012-01-08,53,4
1928,2007-11-18,53,4
1929,2011-06-25,63,3
1930,2015-08-10,21,4
1931,2015-09-04,58,1
1932,2014-07-29,27,3
1933,2015-04-13,39,3
1934,2015-04-06,15,3
1935,2012-12-03,100,3
1936,2012-02-09,9,3
1937,2010-05-18,70,4
1938,2010-06-22,16,4
1939,2013-09-01,33,1
1940,2012-02-10,6,2
1941,2014-08-03,29,2
1942,2013-11-22,76,4
1943,2015-02-28,29,3
1944,2011-12-12,54,1
1945,2009-11-08,45,3
1946,2014-03-02,83,2
1947,2015-01-29,68,1
1948,2014-06-02,79,4
1949,2006-08-14,88,1
1950,2014-04-18,2,2
1951,2015-09-20,24,1
1952,2014-03-12,75,2
1953,2013-03-16,66,4
1954,2015-11-11,13,4
1955,2014-04-19,54,3
1956,2007-03-19,50,3
1957,2015-12-10,34,1
1958,2014-09-12,73,3
1959,2015-08-13,10,3
1960,2013-06-13,30,3
1961,2003-12-10,19,1
1962,2012-10-29,70,1
1963,2015-11-17,37,4
1964,2010-09-17,55,2
1965,2014-08-25,51,4
1966,2012-12-25,67,2
1967,2013-08-09,24,2
1968,2015-02-10,53,2
1969,2013-04-26,60,2
1970,2015-05-08,66,2
1971,2013-11-26,32,1
1972,2010-09-02,43,3
1973,2006-03-20,67,1
1974,2010-06-25,15,1
1975,2013-10-18,58,4
1976,2006-01-30,19,3
1977,2008-12-14,74,1
1978,2010-09-09,17,4
1979,2013-01-22,85,4
1980,2015-12-14,3,2
1981,2008-10-30,55,1
1982,2015-05-29,18,4
1983,2015-10-31,76,4
1984,2015-02-09,24,4
1985,2008-12-22,53,4
1986,2015-09-08,65,3
1987,2006-11-24,71,1
1988,2015-10-05,98,2
1989,2013-12-04,47,3
1990,2013-02-27,92,1
1991,2011-04-12,63,2
1992,2011-02-17,20,4
1993,2014-01-24,42,3
1994,2014-09-08,13,3
1995,2006-08-17,5,3
1996,2006-04-18,90,2
1997,2014-01-14,33,1
1998,2015-07-16,83,4
1999,2015-10-19,9,4
2000,2015-08-09,42,2
2001,2003-04-01,84,2
2002,2013-10-13,84,1
2003,2014-05-31,56,1
2004,2014-09-27,10,1
2005,2015-11-04,48,3
2006,2008-07-06,57,2
2007,2015-05-21,59,1
2008,2011-08-16,6,3
2009,2014-04-08,58,1
2010,2012-02-17,23,2
2011,2013-09-30,47,2
2012,2014-11-19,100,2
2013,2013-10-29,49,3
2014,2012-07-24,49,2
2015,2006-07-29,5,1
2016,2013-07-09,86,1
2017,2008-02-01,70,4
2018,2015-12-05,37,2
2019,2015-03-31,93,2
2020,2012-02-03,7,2
2021,2010-02-13,28,4
2022,2010-07-14,86,2
2023,2012-02-13,97,2
2024,2015-01-01,35,1
2025,2015-08-12,31,1
2026,2013-03-11,81,4
2027,2004-08-09,9,3
2028,2014-02-14,74,2
2029,2014-06-10,94,1
2030,2015-07-20,82,1
2031,2013-09-10,86,4
2032,2015-01-20,69,3
2033,2009-01-30,63,1
2034,2011-07-15,65,3
2035,2015-07-13,64,3
2036,2013-02-06,78,2
2037,2008-02-17,95,1
2038,2011-04-07,67,3
2039,2013-08-19,94,3
2040,2009-07-10,75,4
2041,2015-12-04,25,1
2042,2014-07-13,24,1
2043,2009-09-17,14,1
2044,2006-05-22,63,1
2045,2015-12-22,13,3
2046,2015-02-20,80,4
2047,2003-02-09,15,4
2048,2014-03-04,49,3
2049,2010-07-28,55,2
2050,2014-08-31,68,3
2051,2015-07-01,96,2
2052,2015-11-19,58,2
2053,2013-10-06,2,1
2054,2009-07-11,8,3
2055,2015-01-28,100,4
2056,2015-03-24,32,1
2057,2014-03-09,47,3
2058,2014-06-04,76,2
2059,2014-12-28,18,1
2060,2015-10-23,23,1
2061,2013-05-12,94,2
2062,2012-03-14,1,2
2063,2015-10-20,48,2
2064,2006-01-31,90,4
2065,2015-11-19,33,2
2066,2015-01-25,10,2
2067,2015-03-25,45,3
2068,2013-11-28,16,2
2069,2011-06-24,65,3
2070,2013-05-24,73,4
2071,2013-11-25,4,2
2072,2015-11-26,69,3
2073,2012-07-21,54,1
2074,2014-11-13,85,1
2075,2015-06-28,93,4
2076,2013-08-19,99,2
2077,2005-07-03,8,4
2078,2012-11-24,39,2
2079,2015-11-16,69,3
2080,2009-07-11,55,3
2081,2014-02-08,66,3
2082,2014-12-01,83,1
2083,2010-11-18,95,2
2084,2015-10-29,59,3
2085,2014-12-20,72,1
2086,2010-01-31,14,3
2087,2015-01-19,31,1
2088,2014-05-19,31,1
2089,2014-09-13,70,2
2090,2006-09-12,15,1
2091,2013-09-25,31,4
2092,2004-10-24,99,2
2093,2011-08-04,52,2
2094,2008-09-06,15,1
2095,2011-08-12,42,2
2096,2009-10-24,72,1
2097,2015-02-20,73,1
2098,2015-03-28,35,4
2099,2012-10-02,71,2
2100,2013-01-16,68,3
2101,2014-05-27,18,2
2102,2015-07-03,10,4
2103,2015-07-13,28,3
2104,2012-05-09,88,1
2105,2011-11-28,14,3
2106,2014-02-28,29,4
2107,2013-05-17,89,3
2108,2008-09-11,57,2
2109,2015-12-30,25,3
2110,2015-05-31,13,2
2111,2012-02-05,23,4
2112,2015-04-30,22,3
2113,2010-05-25,11,4
2114,2014-02-07,17,1
2115,2013-10-15,19,1
2116,2015-11-15,18,3
2117,2014-08-20,24,1
2118,2010-04-19,87,2
2119,2015-06-08,27,4
2120,2011-07-09,96,2
2121,2009-02-01,95,4
2122,2013-12-23,89,1
2123,2014-02-05,41,1
2124,2015-12-16,99,4
2125,2011-07-21,49,2
2126,2015-12-26,37,1
2127,2014-06-25,81,3
2128,2013-10-15,44,3
2129,2013-12-10,32,4
2130,2014-07-04,35,3
2131,2013-12-21,97,1
2132,2014-02-19,17,1
2133,2009-01-04,78,2
2134,2014-02-27,83,2
2135,2012-10-07,20,4
2136,2012-09-25,41,3
2137,2015-03-12,52,3
2138,2010-01-01,33,1
2139,2014-06-09,89,1
2140,2013-03-07,89,1
2141,2015-12-18,37,2
2142,2013-09-09,11,4
2143,2008-07-18,71,4
2144,2013-01-19,74,2
2145,2009-08-06,71,1
2146,2015-03-07,23,4
2147,2011-06-21,44,2
2148,2013-10-12,86,1
2149,2004-10-04,15,1
2150,2014-01-19,71,3
2151,2012-08-15,51,1
2152,2015-10-31,82,3
2153,2015-02-28,31,2
2154,2014-03-05,31,4
2155,2013-11-04,12,2
2156,2012-09-12,66,4
2157,2010-05-13,100,3
2158,2011-06-14,55,2
2159,2015-08-15,21,3
2160,2010-07-12,49,2
2161,2007-01-27,9,3
2162,2013-05-16,75,3
2163,2015-12-03,36,3
2164,2007-08-07,56,3
2165,2015-03-09,32,3
2166,2013-07-17,68,4
2167,2011-10-03,45,3
2168,2013-02-22,20,1
2169,2015-05-25,6,1
2170,2010-04-13,17,4
2171,2015-07-27,82,4
2172,2013-03-30,38,3
2173,2014-10-17,96,3
2174,2015-07-31,97,1
2175,2014-04-26,35,1
2176,2010-02-18,85,2
2177,2015-05-11,58,1
2178,2015-10-04,41,4
2179,2010-10-09,45,3
2180,2006-07-29,56,3
2181,2015-01-25,64,4
2182,2011-04-10,80,3
2183,2014-01-17,80,2
2184,2015-06-01,97,2
2185,2014-09-28,13,1
2186,2010-12-20,44,1
2187,2009-12-23,72,4
2188,2015-08-04,94,3
2189,2015-03-12,30,4
2190,2009-08-15,8,1
2191,2015-05-10,89,2
2192,2010-06-25,28,4
2193,2015-02-16,69,2
2194,2012-06-15,86,3
2195,2015-07-04,32,1
2196,2008-10-29,16,2
2197,2014-11-25,64,1
2198,2009-03-24,8,3
2199,2014-10-12,78,4
2200,2012-01-28,49,1
2201,2008-05-03,9,1
2202,2015-10-14,69,1
2203,2015-10-10,24,3
2204,2015-12-11,85,1
2205,2014-10-25,89,4
2206,2008-12-10,90,4
2207,2009-05-28,99,1
2208,2012-03-08,33,2
2209,2011-07-28,63,2
2210,2010-05-30,70,3
2211,2010-12-28,15,2
2212,2007-12-24,71,2
2213,2015-08-14,48,4
2214,2011-05-21,44,1
2215,2012-12-05,10,1
2216,2011-12-04,71,3
2217,2013-07-05,74,2
2218,2014-12-07,2,4
2219,2011-10-06,16,4
2220,2012-12-20,68,3
2221,2014-08-22,27,1
2222,2010-04-05,9,3
2223,2013-05-10,94,4
2224,2014-04-06,1,4
2225,2015-09-11,48,4
2226,2015-09-25,73,2
2227,2015-04-18,12,3
2228,2008-09-30,67,2
2229,2013-12-27,31,4
2230,2014-01-04,96,1
2231,2014-05-27,68,2
2232,2013-09-06,35,4
2233,2010-09-11,44,4
2234,2006-10-10,8,1
2235,2011-04-30,26,4
2236,2012-03-12,14,3
2237,2014-08-11,29,2
2238,2013-11-28,62,4
2239,2007-08-29,84,3
2240,2014-08-14,14,2
2241,2006-12-31,91,3
2242,2006-08-06,63,1
2243,2013-03-25,82,3
2244,2015-08-29,64,3
2245,2015-12-14,83,1
2246,2015-09-06,39,3
2247,2005-04-03,84,2
2248,2012-01-15,85,4
2249,2011-05-17,34,4
2250,2012-08-14,46,1
2251,2009-05-05,16,2
2252,2015-12-31,47,3
2253,2011-02-28,42,1
2254,2013-11-06,78,1
2255,2015-12-14,23,2
2256,2015-08-13,15,3
2257,2010-10-26,85,1
2258,2010-01-04,88,2
2259,2015-04-18,41,4
2260,2010-04-21,14,2
2261,2015-05-04,69,1
2262,2013-09-13,27,4
2263,2010-08-23,75,2
2264,2009-01-31,22,2
2265,2008-10-28,53,2
2266,2005-02-01,30,1
2267,2014-03-08,97,4
2268,2011-11-14,28,3
2269,2011-04-22,28,1
2270,2015-02-06,75,2
2271,2009-12-14,34,1
2272,2012-03-26,81,4
2273,2011-06-28,74,1
2274,2012-09-07,28,4
2275,2013-09-16,97,1
2276,2009-11-18,22,1
2277,2015-08-30,36,4
2278,2015-02-03,27,1
2279,2009-10-28,67,1
2280,2004-12-05,74,1
2281,2011-04-18,96,3
2282,2013-02-08,63,4
2283,2014-07-27,61,3
2284,2015-04-26,76,1
2285,2012-08-28,68,3
2286,2015-02-23,2,3
2287,2008-05-23,33,2
2288,2015-12-03,59,4
2289,2015-06-23,61,3
2290,2014-08-09,62,4
2291,2011-09-05,86,4
2292,2013-12-04,76,1
2293,2013-09-26,46,3
2294,2007-08-29,74,3
2295,2013-03-03,34,1
2296,2014-10-25,36,2
2297,2012-03-30,28,2
2298,2006-09-04,53,3
2299,2015-02-27,61,3
2300,2015-09-08,88,2
2301,2013-09-01,9,3
2302,2015-07-29,47,3
2303,2012-09-27,28,4
2304,2012-02-28,30,2
2305,2006-04-18,43,1
2306,2011-10-02,92,1
2307,2014-04-27,92,1
2308,2009-07-27,15,2
2309,2014-08-16,80,4
2310,2014-06-16,50,3
2311,2015-06-12,51,1
2312,2015-07-21,80,2
2313,2015-07-17,13,4
2314,2013-02-02,55,2
2315,2006-01-05,91,2
2316,2015-01-17,91,3
2317,2011-09-26,60,3
2318,2013-09-16,42,2
2319,2013-01-29,68,2
2320,2014-12-03,89,4
2321,2011-06-22,4,2
2322,2006-05-04,100,1
2323,2010-08-10,56,4
2324,2011-05-17,67,4
2325,2014-02-05,89,2
2326,2013-05-15,65,4
2327,2006-06-16,90,3
2328,2015-07-02,59,2
2329,2012-10-22,54,1
2330,2015-09-11,82,2
2331,2015-10-21,25,1
2332,2006-06-18,5,1
2333,2013-07-27,65,2
2334,2007-07-30,50,3
2335,2013-12-29,95,3
2336,2005-10-20,56,3
2337,2013-04-14,11,1
2338,2015-01-11,36,3
2339,2015-10-19,37,1
2340,2013-12-20,32,3
2341,2014-09-10,94,3
2342,2015-09-03,36,3
2343,2015-10-02,55,1
2344,2014-05-01,76,4
2345,2015-02-25,61,2
2346,2009-03-16,99,3
2347,2015-10-07,98,1
2348,2009-11-06,11,4
2349,2015-05-19,39,2
2350,2012-10-23,17,4
2351,2009-03-12,71,4
2352,2015-08-22,8,1
2353,2015-04-13,1,4
2354,2015-09-03,2,2
2355,2014-06-01,39,3
2356,2015-03-20,31,1
2357,2013-04-13,67,1
2358,2002-11-20,63,3
2359,2007-11-12,30,4
2360,2015-05-13,35,3
2361,2014-09-14,59,2
2362,2007-10-14,84,4
2363,2015-03-27,58,4
2364,2014-01-25,60,3
2365,2014-03-26,83,3
2366,2014-04-03,29,3
2367,2013-08-27,47,1
2368,2013-10-10,24,4
2369,2014-01-07,70,1
2370,2012-08-07,75,3
2371,2014-11-12,62,2
2372,2014-06-29,32,2
2373,2013-11-03,27,1
2374,2013-04-15,34,4
2375,2008-07-30,100,1
2376,2008-07-17,1,4
2377,2012-03-23,75,1
2378,2015-05-17,82,3
2379,2013-07-23,97,4
2380,2015-02-27,69,2
2381,2015-01-26,97,2
2382,2015-08-10,36,4
2383,2008-07-04,43,4
2384,2014-07-06,73,4
2385,2014-12-27,21,1
2386,2014-09-05,15,4
2387,2013-10-19,58,2
2388,2015-01-12,14,4
2389,2011-05-01,43,2
2390,2015-12-11,93,1
2391,2015-03-28,91,2
2392,2012-06-24,42,1
2393,2014-11-05,31,1
2394,2015-10-18,69,4
2395,2014-05-04,51,2
2396,2007-10-16,65,3
2397,2006-11-16,88,1
2398,2013-05-26,60,4
2399,2004-09-03,11,3
2400,2015-05-06,98,3
2401,2013-06-18,47,2
2402,2014-09-10,66,3
2403,2015-12-29,3,4
2404,2003-08-02,9,3
2405,2015-07-11,83,3
2406,2014-10-23,40,1
2407,2013-02-04,89,3
2408,2012-06-01,52,4
2409,2012-06-07,95,4
2410,2015-05-16,93,3
2411,2015-08-11,1,1
2412,2006-07-03,16,3
2413,2008-04-24,65,2
2414,2005-11-21,99,3
2415,2007-04-08,12,1
2416,2013-07-04,3,2
2417,2011-08-15,71,2
2418,2013-09-25,88,4
2419,2002-08-28,46,4
2420,2009-09-11,70,2
2421,2012-10-05,30,4
2422,2012-09-12,87,1
2423,2015-02-16,17,4
2424,2014-02-17,61,1
2425,2011-03-19,57,2
2426,2014-08-11,2,1
2427,2008-05-07,65,3
2428,2015-04-05,7,1
2429,2008-01-20,40,4
2430,2012-11-23,39,4
2431,2015-11-27,48,4
2432,2008-09-25,33,1
2433,2015-03-29,83,3
2434,2012-04-16,81,4
2435,2012-12-17,50,4
2436,2010-06-08,12,3
2437,2008-06-16,53,1
2438,2013-10-27,97,4
2439,2013-03-14,55,3
2440,2015-12-03,41,4
2441,2014-07-26,39,2
2442,2009-11-04,88,4
2443,2014-06-30,61,1
2444,2013-03-10,97,1
2445,2005-03-02,100,1
2446,2015-03-28,21,4
2447,2015-08-09,21,3
2448,2013-04-13,51,3
2449,2010-04-29,80,3
2450,2013-09-27,53,1
2451,2013-05-08,23,4
2452,2013-01-01,47,4
2453,2007-02-11,20,3
2454,2014-07-24,28,3
2455,2015-12-01,96,2
2456,2008-01-30,71,3
2457,2012-07-22,58,1
2458,2012-06-03,54,2
2459,2015-11-26,56,4
2460,2012-10-27,91,4
2461,2015-11-17,98,4
2462,2014-10-11,73,1
2463,2015-11-10,66,4
2464,2014-11-10,26,1
2465,2010-07-20,53,1
2466,2011-07-06,67,3
2467,2014-08-24,49,3
2468,2007-12-30,40,1
2469,2014-01-09,82,1
2470,2012-08-27,10,2
2471,2014-08-13,18,1
2472,2013-08-08,23,3
2473,2014-11-02,61,2
2474,2015-11-28,82,1
2475,2011-08-26,26,4
2476,2014-08-17,72,4
2477,2012-01-29,70,1
2478,2012-05-23,43,3
2479,2014-04-28,31,1
2480,2014-08-05,45,2
2481,2013-04-29,24,1
2482,2013-12-09,41,1
2483,2013-07-10,40,1
2484,2011-08-25,86,1
2485,2014-07-09,8,1
2486,2012-08-15,85,1
2487,2014-07-10,87,3
2488,2004-07-21,46,2
2489,2008-05-15,1,1
2490,2015-12-05,82,3
2491,2006-12-07,15,3
2492,2013-12-29,53,2
2493,2008-04-24,99,4
2494,2011-09-05,91,3
2495,2013-02-04,88,3
2496,2013-08-10,97,1
2497,2012-07-11,78,2
2498,2008-10-30,57,3
2499,2010-05-08,44,1
2500,2014-07-26,86,1
